text,phonetic,part_of_speech,definition_en,definition_vi,example_en,example_vi,level
apple,/ˈæp.əl/,noun,a round fruit with red or green skin and white flesh,quả táo,I eat an apple every morning.,Tôi ăn một quả táo mỗi sáng.,A1
book,/bʊk/,noun,a written or printed work consisting of pages,quyển sách,She reads a book before bed.,Cô ấy đọc sách trước khi ngủ.,A1
cat,/kæt/,noun,a small domesticated animal kept as a pet,con mèo,The cat is sleeping on the sofa.,Con mèo đang ngủ trên ghế sofa.,A1
dog,/dɒɡ/,noun,a domesticated animal often kept as a pet or for work,con chó,My dog loves to play in the park.,Con chó của tôi thích chơi ở công viên.,A1
eat,/iːt/,verb,to put food in your mouth and swallow it,ăn,We eat dinner at seven o'clock.,Chúng tôi ăn tối lúc bảy giờ.,A1
friend,/frend/,noun,a person you like and enjoy spending time with,người bạn,She is my best friend.,Cô ấy là người bạn thân nhất của tôi.,A1
good,/ɡʊd/,adjective,of a high quality or standard,tốt,This is a good idea.,Đây là một ý kiến hay.,A1
happy,/ˈhæp.i/,adjective,feeling pleased and satisfied,vui vẻ,I am happy to see you.,Tôi vui khi gặp bạn.,A1
house,/haʊs/,noun,a building where people live,ngôi nhà,They live in a big house.,Họ sống trong một ngôi nhà lớn.,A1
idea,/aɪˈdɪə/,noun,a thought or suggestion about something,ý tưởng,That is a great idea.,Đó là một ý tưởng tuyệt vời.,A1
jump,/dʒʌmp/,verb,to push yourself up into the air using your legs,nhảy,The children love to jump on the trampoline.,Bọn trẻ thích nhảy trên tấm bạt lò xo.,A1
know,/nəʊ/,verb,to have information about something in your mind,biết,Do you know his name?,Bạn có biết tên anh ấy không?,A1
like,/laɪk/,verb,to enjoy or find something pleasant,thích,I like chocolate ice cream.,Tôi thích kem chocolate.,A1
milk,/mɪlk/,noun,white liquid produced by cows that people drink,sữa,She drinks a glass of milk every day.,Cô ấy uống một ly sữa mỗi ngày.,A1
name,/neɪm/,noun,a word or words that a person or thing is known by,tên,My name is Minh.,Tên tôi là Minh.,A1
open,/ˈəʊ.pən/,verb,to move something so it is no longer closed,mở,Please open the window.,Vui lòng mở cửa sổ.,A1
play,/pleɪ/,verb,to take part in a game or sport,chơi,The children play in the garden.,Bọn trẻ chơi trong vườn.,A1
quiet,/ˈkwaɪ.ət/,adjective,making little or no noise,yên tĩnh,Please be quiet in the library.,Vui lòng giữ yên lặng trong thư viện.,A1
run,/rʌn/,verb,to move quickly using your legs,chạy,He runs every morning for exercise.,Anh ấy chạy mỗi sáng để tập thể dục.,A1
sleep,/sliːp/,verb,to be in the natural state of rest when your eyes are closed,ngủ,I sleep for eight hours every night.,Tôi ngủ tám tiếng mỗi đêm.,A1
talk,/tɔːk/,verb,to say words to someone,nói chuyện,They talk on the phone every evening.,Họ nói chuyện điện thoại mỗi tối.,A1
use,/juːz/,verb,to do something with an object or tool,sử dụng,Use a pen to write your name.,Dùng bút để viết tên của bạn.,A1
very,/ˈver.i/,adverb,used to emphasize an adjective or adverb,rất,She is very tall.,Cô ấy rất cao.,A1
walk,/wɔːk/,verb,to move at a normal speed using your feet,đi bộ,We walk to school every day.,Chúng tôi đi bộ đến trường mỗi ngày.,A1
yesterday,/ˈjes.tə.deɪ/,adverb,on the day before today,hôm qua,I saw him yesterday at the market.,Tôi gặp anh ấy hôm qua ở chợ.,A1
zero,/ˈzɪə.rəʊ/,noun,the number 0,số không,The temperature dropped to zero.,Nhiệt độ giảm xuống còn không độ.,A1
animal,/ˈæn.ɪ.məl/,noun,a living creature that is not a plant or human,động vật,The zoo has many different animals.,Vườn thú có nhiều động vật khác nhau.,A1
baby,/ˈbeɪ.bi/,noun,a very young child,em bé,The baby is crying.,Em bé đang khóc.,A1
chair,/tʃeər/,noun,a seat with a back for one person,chiếc ghế,Please sit on the chair.,Vui lòng ngồi lên ghế.,A1
door,/dɔːr/,noun,a flat object that opens and closes at the entrance of a room,cánh cửa,Close the door when you leave.,Đóng cửa khi bạn ra ngoài.,A1
egg,/eɡ/,noun,an oval object produced by a female bird,quả trứng,I have two eggs for breakfast.,Tôi ăn hai quả trứng vào bữa sáng.,A1
face,/feɪs/,noun,the front part of your head where your eyes nose and mouth are,khuôn mặt,She washed her face in the morning.,Cô ấy rửa mặt vào buổi sáng.,A1
girl,/ɡɜːl/,noun,a female child,cô gái,The little girl is playing with a doll.,Cô bé đang chơi với búp bê.,A1
hand,/hænd/,noun,the part at the end of your arm with five fingers,bàn tay,He raised his hand to answer.,Anh ấy giơ tay để trả lời.,A1
ice,/aɪs/,noun,water that has frozen and become solid,nước đá,Add ice to your drink to make it cold.,Thêm đá vào đồ uống để làm lạnh.,A1
job,/dʒɒb/,noun,the work that someone does to earn money,công việc,She has a new job at the hospital.,Cô ấy có việc làm mới ở bệnh viện.,A1
key,/kiː/,noun,a small metal object used to open a lock,chìa khóa,I lost my house key.,Tôi mất chìa khóa nhà.,A1
leg,/leɡ/,noun,one of the two long parts of your body used for walking,cái chân,He broke his leg playing football.,Anh ấy gãy chân khi chơi bóng đá.,A1
map,/mæp/,noun,a drawing showing the roads and features of an area,bản đồ,Use the map to find the museum.,Dùng bản đồ để tìm bảo tàng.,A1
night,/naɪt/,noun,the part of the day when it is dark,ban đêm,Stars appear at night.,Các ngôi sao xuất hiện vào ban đêm.,A1
old,/əʊld/,adjective,having existed for a long time,cũ / già,This is an old building.,Đây là một tòa nhà cũ.,A1
pen,/pen/,noun,a writing instrument that uses ink,cây bút,Can I borrow your pen?,Tôi có thể mượn bút của bạn không?,A1
rain,/reɪn/,noun,water that falls from clouds,mưa,It rains a lot in summer.,Trời mưa nhiều vào mùa hè.,A1
sun,/sʌn/,noun,the star at the center of the solar system,mặt trời,The sun rises in the east.,Mặt trời mọc ở phía đông.,A1
table,/ˈteɪ.bəl/,noun,a piece of furniture with a flat top and legs,cái bàn,Put the plates on the table.,Đặt đĩa lên bàn.,A1
under,/ˈʌn.dər/,preposition,in a lower position than something else,dưới,The cat is under the table.,Con mèo ở dưới bàn.,A1
visit,/ˈvɪz.ɪt/,verb,to go to see a person or place,thăm,We visit my grandparents every Sunday.,Chúng tôi thăm ông bà mỗi Chủ nhật.,A1
water,/ˈwɔː.tər/,noun,a clear liquid that falls as rain,nước,Drink plenty of water every day.,Uống nhiều nước mỗi ngày.,A1
year,/jɪər/,noun,a period of twelve months,năm,I was born in the year 2000.,Tôi sinh năm 2000.,A1
bus,/bʌs/,noun,a large vehicle that carries many passengers,xe buýt,I take the bus to school.,Tôi đi xe buýt đến trường.,A1
city,/ˈsɪt.i/,noun,a large and important town,thành phố,Ho Chi Minh City is a big city.,Thành phố Hồ Chí Minh là một thành phố lớn.,A1
day,/deɪ/,noun,a period of twenty-four hours,ngày,Today is a beautiful day.,Hôm nay là một ngày đẹp trời.,A1
early,/ˈɜː.li/,adverb,before the usual or expected time,sớm,She wakes up early every morning.,Cô ấy thức dậy sớm mỗi buổi sáng.,A1
family,/ˈfæm.ɪ.li/,noun,a group of people who are related,gia đình,My family has four members.,Gia đình tôi có bốn thành viên.,A1
go,/ɡəʊ/,verb,to move or travel to a place,đi,Let's go to the beach!,Hãy đi đến bãi biển!,A1
help,/help/,verb,to do something useful for someone,giúp đỡ,Can you help me with this?,Bạn có thể giúp tôi với cái này không?,A1
inside,/ɪnˈsaɪd/,preposition,in the inner part of something,bên trong,Please come inside.,Vui lòng vào bên trong.,A1
juice,/dʒuːs/,noun,a drink made from the liquid of fruit or vegetables,nước ép,I drink orange juice every morning.,Tôi uống nước cam mỗi sáng.,A1
little,/ˈlɪt.əl/,adjective,small in size or amount,nhỏ,She has a little dog.,Cô ấy có một con chó nhỏ.,A1
mother,/ˈmʌð.ər/,noun,a female parent,người mẹ,My mother cooks very well.,Mẹ tôi nấu ăn rất ngon.,A1
new,/njuː/,adjective,recently made or bought,mới,I have a new phone.,Tôi có một chiếc điện thoại mới.,A1
orange,/ˈɒr.ɪndʒ/,noun,a round citrus fruit with orange skin,quả cam,She peels an orange for breakfast.,Cô ấy gọt một quả cam để ăn sáng.,A1
park,/pɑːk/,noun,a large public area with grass and trees,công viên,Children love playing in the park.,Trẻ em thích chơi trong công viên.,A1
read,/riːd/,verb,to look at written words and understand them,đọc,I read the newspaper every morning.,Tôi đọc báo mỗi buổi sáng.,A1
school,/skuːl/,noun,a place where children go to learn,trường học,She goes to school by bicycle.,Cô ấy đi học bằng xe đạp.,A1
time,/taɪm/,noun,the indefinite continued progress of existence,thời gian,What time is it now?,Bây giờ là mấy giờ?,A1
umbrella,/ʌmˈbrel.ə/,noun,a device you hold over your head to stay dry in rain,cái ô,Take an umbrella because it may rain.,Mang ô theo vì trời có thể mưa.,A1
window,/ˈwɪn.dəʊ/,noun,an opening in a wall with glass to let in light,cửa sổ,Open the window to let in fresh air.,Mở cửa sổ để có không khí trong lành.,A1
box,/bɒks/,noun,a container with flat sides,cái hộp,Put the books in the box.,Cho sách vào hộp.,A1
color,/ˈkʌl.ər/,noun,the quality of an object related to light it reflects,màu sắc,What is your favorite color?,Màu sắc yêu thích của bạn là gì?,A1
draw,/drɔː/,verb,to make a picture using a pencil or pen,vẽ,She draws pictures every afternoon.,Cô ấy vẽ tranh mỗi buổi chiều.,A1
eye,/aɪ/,noun,one of the two organs in your head used for seeing,con mắt,She has beautiful blue eyes.,Cô ấy có đôi mắt xanh đẹp.,A1
food,/fuːd/,noun,things that people eat to stay alive,thức ăn,Vietnamese food is delicious.,Thức ăn Việt Nam rất ngon.,A1
give,/ɡɪv/,verb,to hand something to someone,đưa / tặng,She gives flowers to her mother.,Cô ấy tặng hoa cho mẹ.,A1
hot,/hɒt/,adjective,having a high temperature,nóng,The soup is very hot.,Canh rất nóng.,A1
important,/ɪmˈpɔː.tənt/,adjective,having great effect or value,quan trọng,Sleep is important for health.,Giấc ngủ rất quan trọng cho sức khỏe.,A1
kitchen,/ˈkɪtʃ.ɪn/,noun,the room where food is cooked,nhà bếp,Mother is cooking in the kitchen.,Mẹ đang nấu ăn trong bếp.,A1
loud,/laʊd/,adjective,making a lot of noise,ồn ào,The music is too loud.,Âm nhạc quá ồn.,A1
money,/ˈmʌn.i/,noun,coins or notes used to pay for things,tiền,I need money to buy food.,Tôi cần tiền để mua thức ăn.,A1
number,/ˈnʌm.bər/,noun,a word or symbol representing a quantity,số,What is your phone number?,Số điện thoại của bạn là gì?,A1
often,/ˈɒf.ən/,adverb,many times or frequently,thường xuyên,He often goes to the gym.,Anh ấy thường xuyên đến phòng tập.,A1
picture,/ˈpɪk.tʃər/,noun,a painting drawing or photograph,bức tranh / ảnh,She took a picture of the mountain.,Cô ấy chụp ảnh ngọn núi.,A1
right,/raɪt/,adjective,correct or true,đúng,Your answer is right.,Câu trả lời của bạn đúng.,A1
sister,/ˈsɪs.tər/,noun,a girl or woman who has the same parents as you,chị / em gái,My sister is two years younger than me.,Em gái tôi nhỏ hơn tôi hai tuổi.,A1
tree,/triː/,noun,a large plant with a thick wooden trunk and branches,cái cây,There is a big tree in the garden.,Có một cây lớn trong vườn.,A1
understand,/ˌʌn.dəˈstænd/,verb,to know the meaning of something,hiểu,Do you understand the question?,Bạn có hiểu câu hỏi không?,A1
voice,/vɔɪs/,noun,the sound made when you speak or sing,giọng nói,She has a beautiful voice.,Cô ấy có giọng hát đẹp.,A1
white,/waɪt/,adjective,having the color of snow or milk,màu trắng,She wears a white dress.,Cô ấy mặc váy trắng.,A1
young,/jʌŋ/,adjective,not having lived or existed for long,trẻ,She looks very young.,Cô ấy trông rất trẻ.,A1
above,/əˈbʌv/,preposition,at a higher level or position than,phía trên,The clock is above the door.,Đồng hồ ở trên cửa.,A2
address,/əˈdres/,noun,the details of where someone lives or works,địa chỉ,What is your home address?,Địa chỉ nhà của bạn là gì?,A2
afternoon,/ˌɑːf.təˈnuːn/,noun,the period from noon to evening,buổi chiều,We meet every afternoon at the cafe.,Chúng tôi gặp nhau mỗi buổi chiều ở quán cà phê.,A2
ago,/əˈɡəʊ/,adverb,in the past,trước đây,I met her two years ago.,Tôi gặp cô ấy hai năm trước.,A2
agree,/əˈɡriː/,verb,to have the same opinion as someone,đồng ý,I agree with your decision.,Tôi đồng ý với quyết định của bạn.,A2
airport,/ˈeə.pɔːt/,noun,a place where aircraft take off and land,sân bay,We arrived at the airport early.,Chúng tôi đến sân bay sớm.,A2
already,/ɔːlˈred.i/,adverb,before a particular time,đã rồi,I have already eaten breakfast.,Tôi đã ăn sáng rồi.,A2
always,/ˈɔːl.weɪz/,adverb,at all times,luôn luôn,She always smiles at everyone.,Cô ấy luôn mỉm cười với mọi người.,A2
angry,/ˈæŋ.ɡri/,adjective,feeling strong displeasure or annoyance,tức giận,He was angry when he lost the game.,Anh ấy tức giận khi thua cuộc.,A2
answer,/ˈɑːn.sər/,noun,a reply to a question,câu trả lời,Please write your answer clearly.,Vui lòng viết câu trả lời rõ ràng.,A2
arrive,/əˈraɪv/,verb,to reach a place after traveling,đến nơi,The train arrives at nine o'clock.,Tàu đến lúc chín giờ.,A2
ask,/ɑːsk/,verb,to request information or help,hỏi,She asked for directions to the station.,Cô ấy hỏi đường đến ga.,A2
bad,/bæd/,adjective,of poor quality or low standard,xấu / tệ,The weather is bad today.,Thời tiết hôm nay xấu.,A2
bag,/bæɡ/,noun,a container used for carrying things,túi xách,She carries her books in a bag.,Cô ấy đựng sách trong túi xách.,A2
bank,/bæŋk/,noun,an institution that holds money for people,ngân hàng,I need to go to the bank today.,Tôi cần đến ngân hàng hôm nay.,A2
bathroom,/ˈbɑːθ.ruːm/,noun,a room with a toilet and bath or shower,phòng tắm,The bathroom is on the second floor.,Phòng tắm ở tầng hai.,A2
beautiful,/ˈbjuː.tɪ.fəl/,adjective,very pleasant to look at,đẹp,The flowers are beautiful.,Những bông hoa thật đẹp.,A2
because,/bɪˈkɒz/,conjunction,for the reason that,bởi vì,I stayed home because I was sick.,Tôi ở nhà vì tôi bị ốm.,A2
bedroom,/ˈbed.ruːm/,noun,a room used for sleeping,phòng ngủ,My bedroom is painted blue.,Phòng ngủ của tôi được sơn màu xanh.,A2
begin,/bɪˈɡɪn/,verb,to start doing something,bắt đầu,The class begins at eight o'clock.,Lớp học bắt đầu lúc tám giờ.,A2
behind,/bɪˈhaɪnd/,preposition,at the back of something,đằng sau,The garden is behind the house.,Vườn ở đằng sau nhà.,A2
between,/bɪˈtwiːn/,preposition,in the middle of two things,giữa,The post office is between the bank and the school.,Bưu điện ở giữa ngân hàng và trường học.,A2
big,/bɪɡ/,adjective,large in size,lớn,They live in a big apartment.,Họ sống trong một căn hộ lớn.,A2
birthday,/ˈbɜːθ.deɪ/,noun,the anniversary of the day you were born,sinh nhật,Happy birthday to you!,Chúc mừng sinh nhật bạn!,A2
black,/blæk/,adjective,having the darkest color like coal,màu đen,He wears a black jacket.,Anh ấy mặc áo khoác đen.,A2
blue,/bluː/,adjective,having the color of a clear sky,màu xanh da trời,The sky is bright blue today.,Bầu trời xanh trong hôm nay.,A2
born,/bɔːn/,verb,came into the world at birth,được sinh ra,She was born in Hanoi.,Cô ấy sinh ra ở Hà Nội.,A2
borrow,/ˈbɒr.əʊ/,verb,to take something with the intention of returning it,mượn,Can I borrow your dictionary?,Tôi có thể mượn từ điển của bạn không?,A2
bread,/bred/,noun,a food made from flour water and yeast,bánh mì,She buys fresh bread every morning.,Cô ấy mua bánh mì tươi mỗi sáng.,A2
break,/breɪk/,noun,a short period of rest from work,giải lao,We have a ten-minute break.,Chúng ta có mười phút giải lao.,A2
bring,/brɪŋ/,verb,to take something with you when you come,mang theo,Please bring your passport.,Vui lòng mang theo hộ chiếu.,A2
brother,/ˈbrʌð.ər/,noun,a boy or man who has the same parents as you,anh / em trai,My brother is a doctor.,Anh trai tôi là bác sĩ.,A2
buy,/baɪ/,verb,to get something by paying money,mua,I want to buy a new laptop.,Tôi muốn mua một chiếc laptop mới.,A2
call,/kɔːl/,verb,to telephone someone,gọi điện,Call me when you arrive.,Gọi cho tôi khi bạn đến.,A2
camp,/kæmp/,noun,a place where people stay outdoors,trại cắm trại,We stayed at a camp near the river.,Chúng tôi ở lại tại trại gần sông.,A2
carry,/ˈkær.i/,verb,to hold something and take it somewhere,mang,She carries her baby everywhere.,Cô ấy mang con đi khắp nơi.,A2
change,/tʃeɪndʒ/,verb,to become different,thay đổi,The weather can change quickly.,Thời tiết có thể thay đổi nhanh chóng.,A2
cheap,/tʃiːp/,adjective,low in price,rẻ,This restaurant is very cheap.,Nhà hàng này rất rẻ.,A2
check,/tʃek/,verb,to examine something to see if it is correct,kiểm tra,Check your answers before submitting.,Kiểm tra câu trả lời trước khi nộp.,A2
choose,/tʃuːz/,verb,to decide which one you want,chọn,She chose a red dress.,Cô ấy chọn một chiếc váy đỏ.,A2
class,/klɑːs/,noun,a group of students taught together,lớp học,There are thirty students in my class.,Có ba mươi học sinh trong lớp tôi.,A2
clean,/kliːn/,adjective,free from dirt,sạch sẽ,Keep your desk clean.,Giữ bàn học của bạn sạch sẽ.,A2
climb,/klaɪm/,verb,to go up something using your hands and feet,leo trèo,They climbed the mountain together.,Họ leo núi cùng nhau.,A2
clock,/klɒk/,noun,a device used to tell the time,đồng hồ treo tường,The clock on the wall says it is noon.,Đồng hồ treo tường cho biết là giờ trưa.,A2
close,/kləʊz/,verb,to shut something,đóng,Please close the door softly.,Vui lòng đóng cửa nhẹ nhàng.,A2
clothes,/kləʊðz/,noun,items worn on the body,quần áo,She buys new clothes for the festival.,Cô ấy mua quần áo mới cho lễ hội.,A2
cloud,/klaʊd/,noun,a mass of water vapor floating in the sky,đám mây,Dark clouds mean rain is coming.,Mây đen báo hiệu trời sắp mưa.,A2
coffee,/ˈkɒf.i/,noun,a hot drink made from coffee beans,cà phê,He drinks two cups of coffee a day.,Anh ấy uống hai tách cà phê mỗi ngày.,A2
cold,/kəʊld/,adjective,having a low temperature,lạnh,It is very cold in winter.,Mùa đông rất lạnh.,A2
come,/kʌm/,verb,to move toward a place,đến,Come here please.,Lại đây nhé.,A2
comfortable,/ˈkʌm.fɪ.tə.bəl/,adjective,making you feel physically relaxed,thoải mái,This chair is very comfortable.,Chiếc ghế này rất thoải mái.,A2
computer,/kəmˈpjuː.tər/,noun,an electronic device for processing data,máy tính,I use my computer for work.,Tôi dùng máy tính để làm việc.,A2
cook,/kʊk/,verb,to prepare food by heating it,nấu ăn,My father cooks dinner on weekends.,Bố tôi nấu ăn tối vào cuối tuần.,A2
correct,/kəˈrekt/,adjective,free from mistakes,đúng,All your answers are correct.,Tất cả câu trả lời của bạn đều đúng.,A2
count,/kaʊnt/,verb,to say numbers in order,đếm,Count from one to ten.,Đếm từ một đến mười.,A2
country,/ˈkʌn.tri/,noun,a nation with its own government,đất nước,Vietnam is a beautiful country.,Việt Nam là một đất nước tươi đẹp.,A2
course,/kɔːs/,noun,a series of lessons on a subject,khóa học,I am taking an English course.,Tôi đang học một khóa tiếng Anh.,A2
cry,/kraɪ/,verb,to produce tears from your eyes,khóc,The baby cries when she is hungry.,Em bé khóc khi đói.,A2
cut,/kʌt/,verb,to divide something using a sharp tool,cắt,Cut the cake into eight pieces.,Cắt bánh thành tám miếng.,A2
dance,/dɑːns/,verb,to move your body rhythmically to music,nhảy múa,She loves to dance at parties.,Cô ấy thích nhảy múa ở các bữa tiệc.,A2
dangerous,/ˈdeɪn.dʒər.əs/,adjective,likely to cause harm,nguy hiểm,Driving fast is dangerous.,Lái xe nhanh rất nguy hiểm.,A2
dark,/dɑːk/,adjective,with little or no light,tối,It gets dark early in winter.,Trời tối sớm vào mùa đông.,A2
decide,/dɪˈsaɪd/,verb,to make a choice,quyết định,She decided to study medicine.,Cô ấy quyết định học y.,A2
desk,/desk/,noun,a table used for writing or working at,bàn làm việc,His desk is covered with papers.,Bàn làm việc của anh ấy đầy giấy tờ.,A2
different,/ˈdɪf.ər.ənt/,adjective,not the same as something else,khác nhau,These two words have different meanings.,Hai từ này có nghĩa khác nhau.,A2
difficult,/ˈdɪf.ɪ.kəlt/,adjective,not easy to do or understand,khó,This math problem is difficult.,Bài toán này rất khó.,A2
dinner,/ˈdɪn.ər/,noun,the main meal of the day eaten in the evening,bữa tối,We have dinner at seven.,Chúng tôi ăn tối lúc bảy giờ.,A2
direction,/dɪˈrek.ʃən/,noun,the path along which something moves,hướng,Follow the direction on the map.,Đi theo hướng trên bản đồ.,A2
dirty,/ˈdɜː.ti/,adjective,not clean,bẩn,Wash your dirty hands.,Rửa tay bẩn của bạn đi.,A2
dream,/driːm/,noun,thoughts and images that occur during sleep,giấc mơ,I had a strange dream last night.,Tôi có một giấc mơ kỳ lạ tối qua.,A2
dress,/dres/,noun,a piece of clothing worn by women,chiếc váy,She wears a pretty dress.,Cô ấy mặc một chiếc váy đẹp.,A2
drink,/drɪŋk/,verb,to take liquid into your mouth and swallow it,uống,Drink eight glasses of water daily.,Uống tám ly nước mỗi ngày.,A2
drive,/draɪv/,verb,to control a vehicle and make it move,lái xe,He drives to work every day.,Anh ấy lái xe đi làm mỗi ngày.,A2
easy,/ˈiː.zi/,adjective,not difficult,dễ,The test was easy for me.,Bài kiểm tra dễ đối với tôi.,A2
enjoy,/ɪnˈdʒɔɪ/,verb,to get pleasure from something,thích / tận hưởng,I enjoy reading in the evening.,Tôi thích đọc sách vào buổi tối.,A2
enough,/ɪˈnʌf/,adjective,as much as is needed,đủ,Have you had enough food?,Bạn đã ăn đủ chưa?,A2
enter,/ˈen.tər/,verb,to go into a place,vào,Please enter through the main door.,Vui lòng vào qua cửa chính.,A2
evening,/ˈiːv.nɪŋ/,noun,the period at the end of the afternoon,buổi tối,We go for a walk in the evening.,Chúng tôi đi dạo vào buổi tối.,A2
everyone,/ˈev.ri.wʌn/,pronoun,all the people in a group,mọi người,Everyone in the class passed the test.,Mọi người trong lớp đều đậu bài kiểm tra.,A2
everything,/ˈev.ri.θɪŋ/,pronoun,all things,mọi thứ,Everything is ready for the party.,Mọi thứ đã sẵn sàng cho bữa tiệc.,A2
example,/ɪɡˈzɑːm.pəl/,noun,something that shows what others are like,ví dụ,Give me an example of a verb.,Cho tôi một ví dụ về động từ.,A2
exercise,/ˈek.sə.saɪz/,noun,physical activity done to stay healthy,thể dục,Regular exercise keeps you healthy.,Tập thể dục thường xuyên giúp bạn khỏe mạnh.,A2
expensive,/ɪkˈspen.sɪv/,adjective,costing a lot of money,đắt tiền,That car is very expensive.,Chiếc ô tô đó rất đắt tiền.,A2
explain,/ɪkˈspleɪn/,verb,to make something clear and understandable,giải thích,Can you explain this word?,Bạn có thể giải thích từ này không?,A2
fall,/fɔːl/,verb,to drop down to a lower position,ngã / rơi,Be careful not to fall.,Cẩn thận đừng ngã.,A2
far,/fɑːr/,adjective,at a great distance,xa,The school is not far from here.,Trường không xa đây lắm.,A2
fast,/fɑːst/,adjective,moving or happening quickly,nhanh,The train is very fast.,Tàu hỏa rất nhanh.,A2
father,/ˈfɑː.ðər/,noun,a male parent,người cha,My father is an engineer.,Bố tôi là kỹ sư.,A2
feel,/fiːl/,verb,to experience a particular emotion or sensation,cảm thấy,I feel tired after work.,Tôi cảm thấy mệt mỏi sau khi làm việc.,A2
find,/faɪnd/,verb,to discover something or someone,tìm thấy,I cannot find my keys.,Tôi không thể tìm thấy chìa khóa.,A2
finish,/ˈfɪn.ɪʃ/,verb,to complete something,hoàn thành,Did you finish your homework?,Bạn đã hoàn thành bài tập về nhà chưa?,A2
fish,/fɪʃ/,noun,an animal that lives and swims in water,con cá,She cooks fish for dinner.,Cô ấy nấu cá cho bữa tối.,A2
floor,/flɔːr/,noun,the surface you walk on inside a building,sàn nhà,The floor is very slippery.,Sàn nhà rất trơn.,A2
flower,/ˈflaʊ.ər/,noun,the colorful part of a plant,bông hoa,She bought red flowers for her mother.,Cô ấy mua hoa đỏ cho mẹ.,A2
fly,/flaɪ/,verb,to move through the air,bay,The plane flies from Hanoi to London.,Máy bay bay từ Hà Nội đến London.,A2
follow,/ˈfɒl.əʊ/,verb,to go behind someone or something,theo sau / làm theo,Follow the instructions carefully.,Làm theo hướng dẫn cẩn thận.,A2
forget,/fəˈɡet/,verb,to fail to remember something,quên,Don't forget to call me.,Đừng quên gọi cho tôi.,A2
free,/friː/,adjective,not costing anything,miễn phí,The museum is free on Sundays.,Bảo tàng miễn phí vào ngày Chủ nhật.,A2
fresh,/freʃ/,adjective,recently made or obtained,tươi,The bread is fresh from the oven.,Bánh mì tươi ra lò.,A2
funny,/ˈfʌn.i/,adjective,making you laugh,buồn cười,He told a funny story.,Anh ấy kể một câu chuyện buồn cười.,A2
garden,/ˈɡɑː.dən/,noun,an outdoor area with plants and grass,khu vườn,She grows vegetables in the garden.,Cô ấy trồng rau trong vườn.,A2
get,/ɡet/,verb,to obtain or receive something,lấy / nhận,Can you get me a glass of water?,Bạn có thể lấy cho tôi một ly nước không?,A2
glasses,/ˈɡlɑː.sɪz/,noun,a device with lenses worn to improve vision,kính mắt,She wears glasses to read.,Cô ấy đeo kính khi đọc sách.,A2
great,/ɡreɪt/,adjective,very good or excellent,tuyệt vời,You did a great job!,Bạn làm rất tốt!,A2
green,/ɡriːn/,adjective,having the color of grass,màu xanh lá,She wears a green coat.,Cô ấy mặc áo khoác xanh lá.,A2
grow,/ɡrəʊ/,verb,to increase in size or amount,lớn lên / phát triển,Children grow quickly.,Trẻ em lớn nhanh.,A2
guess,/ɡes/,verb,to give an answer without being sure,đoán,I can only guess the answer.,Tôi chỉ có thể đoán câu trả lời.,A2
hard,/hɑːd/,adjective,requiring great effort,khó / vất vả,She worked hard for the exam.,Cô ấy học chăm chỉ cho kỳ thi.,A2
hat,/hæt/,noun,a covering for the head,cái mũ,Wear a hat in the hot sun.,Đội mũ khi trời nắng nóng.,A2
high,/haɪ/,adjective,at a great distance above the ground,cao,The building is very high.,Tòa nhà rất cao.,A2
hold,/həʊld/,verb,to have something in your hand,cầm / giữ,Hold my hand while crossing the street.,Cầm tay tôi khi qua đường.,A2
holiday,/ˈhɒl.ɪ.deɪ/,noun,a period of time away from school or work,kỳ nghỉ,We are going on holiday next week.,Chúng tôi đi nghỉ mát tuần sau.,A2
home,/həʊm/,noun,the place where you live,nhà,She came home late.,Cô ấy về nhà muộn.,A2
hospital,/ˈhɒs.pɪ.təl/,noun,a place where sick people are treated,bệnh viện,He went to the hospital for a check-up.,Anh ấy đến bệnh viện để kiểm tra sức khỏe.,A2
hotel,/həʊˈtel/,noun,a place where travelers pay to stay,khách sạn,We stayed at a nice hotel.,Chúng tôi ở tại một khách sạn đẹp.,A2
hour,/aʊər/,noun,a period of sixty minutes,giờ,The flight takes two hours.,Chuyến bay mất hai giờ.,A2
hungry,/ˈhʌŋ.ɡri/,adjective,feeling a need to eat,đói,I am very hungry.,Tôi rất đói.,A2
hurry,/ˈhʌr.i/,verb,to move or act quickly,vội vàng,Hurry up or we will be late.,Nhanh lên không chúng ta sẽ bị trễ.,A2
husband,/ˈhʌz.bənd/,noun,the man a woman is married to,người chồng,Her husband is very kind.,Chồng cô ấy rất tốt bụng.,A2
information,/ˌɪn.fəˈmeɪ.ʃən/,noun,facts or knowledge about something,thông tin,I need more information about this topic.,Tôi cần thêm thông tin về chủ đề này.,A2
interest,/ˈɪn.trəst/,noun,a feeling of wanting to know or learn,sự quan tâm,She has an interest in music.,Cô ấy có hứng thú với âm nhạc.,A2
invite,/ɪnˈvaɪt/,verb,to ask someone to come to an event,mời,She invited me to her birthday party.,Cô ấy mời tôi đến bữa tiệc sinh nhật.,A2
keep,/kiːp/,verb,to continue to have something,giữ,Keep your room tidy.,Giữ phòng của bạn gọn gàng.,A2
kind,/kaɪnd/,adjective,caring and generous,tốt bụng,She is very kind to animals.,Cô ấy rất tốt bụng với động vật.,A2
language,/ˈlæŋ.ɡwɪdʒ/,noun,a system of words used for communication,ngôn ngữ,English is an international language.,Tiếng Anh là ngôn ngữ quốc tế.,A2
large,/lɑːdʒ/,adjective,big in size,lớn,The supermarket is very large.,Siêu thị rất lớn.,A2
late,/leɪt/,adjective,after the expected time,muộn / trễ,Sorry I am late.,Xin lỗi vì tôi đến muộn.,A2
learn,/lɜːn/,verb,to gain knowledge or skill,học,She learns new words every day.,Cô ấy học từ mới mỗi ngày.,A2
leave,/liːv/,verb,to go away from a place,rời khỏi / để lại,They leave for the airport at six.,Họ khởi hành đến sân bay lúc sáu giờ.,A2
lesson,/ˈles.ən/,noun,a period of teaching,bài học,The English lesson starts at nine.,Bài học tiếng Anh bắt đầu lúc chín giờ.,A2
letter,/ˈlet.ər/,noun,a written message sent to someone,lá thư,She wrote a letter to her friend.,Cô ấy viết thư cho bạn mình.,A2
light,/laɪt/,noun,energy that makes things visible,ánh sáng,Turn off the light when you leave.,Tắt đèn khi bạn ra ngoài.,A2
listen,/ˈlɪs.ən/,verb,to pay attention to sounds,lắng nghe,Listen to the teacher carefully.,Lắng nghe giáo viên cẩn thận.,A2
live,/lɪv/,verb,to have your home in a place,sống,He lives near the beach.,Anh ấy sống gần biển.,A2
long,/lɒŋ/,adjective,measuring a great distance from end to end,dài,The road is very long.,Con đường rất dài.,A2
look,/lʊk/,verb,to turn your eyes toward something,nhìn,Look at the beautiful sunset.,Nhìn vào hoàng hôn đẹp kia.,A2
lose,/luːz/,verb,to no longer have something,mất,I often lose my keys.,Tôi hay bị mất chìa khóa.,A2
love,/lʌv/,verb,to have a strong feeling of affection,yêu thương,She loves her family deeply.,Cô ấy yêu gia đình rất sâu sắc.,A2
lunch,/lʌntʃ/,noun,a meal eaten in the middle of the day,bữa trưa,We eat lunch together at noon.,Chúng tôi ăn trưa cùng nhau lúc mười hai giờ.,A2
make,/meɪk/,verb,to produce or create something,làm / tạo ra,She makes cakes for the party.,Cô ấy làm bánh ngọt cho bữa tiệc.,A2
market,/ˈmɑː.kɪt/,noun,a place where goods are bought and sold,chợ,Fresh vegetables are sold at the market.,Rau tươi được bán ở chợ.,A2
meet,/miːt/,verb,to come together with someone,gặp,We meet at the coffee shop at noon.,Chúng tôi gặp nhau ở quán cà phê lúc trưa.,A2
message,/ˈmes.ɪdʒ/,noun,a short piece of information sent to someone,tin nhắn,Send me a message when you arrive.,Nhắn tin cho tôi khi bạn đến.,A2
minute,/ˈmɪn.ɪt/,noun,a unit of time equal to sixty seconds,phút,Wait for a minute please.,Vui lòng đợi một phút.,A2
miss,/mɪs/,verb,to feel sad because someone is not there,nhớ,She misses her hometown.,Cô ấy nhớ quê hương.,A2
morning,/ˈmɔː.nɪŋ/,noun,the part of the day from midnight to noon,buổi sáng,I feel fresh in the morning.,Tôi cảm thấy sảng khoái vào buổi sáng.,A2
move,/muːv/,verb,to change position or go to a different place,di chuyển,We moved to a new apartment.,Chúng tôi chuyển đến một căn hộ mới.,A2
music,/ˈmjuː.zɪk/,noun,sounds organized in a pleasant way,âm nhạc,She plays music every evening.,Cô ấy chơi nhạc mỗi buổi tối.,A2
near,/nɪər/,preposition,at a short distance from something,gần,The park is near my house.,Công viên gần nhà tôi.,A2
need,/niːd/,verb,to require something,cần,I need a pen to write this.,Tôi cần bút để viết điều này.,A2
never,/ˈnev.ər/,adverb,not ever,không bao giờ,She never arrives late.,Cô ấy không bao giờ đến muộn.,A2
nice,/naɪs/,adjective,pleasant or attractive,dễ chịu,You look very nice today.,Bạn trông rất dễ chịu hôm nay.,A2
normally,/ˈnɔː.mə.li/,adverb,in the usual or expected way,thường thường,I normally wake up at six.,Tôi thường thức dậy lúc sáu giờ.,A2
now,/naʊ/,adverb,at the present time,bây giờ,I am busy now.,Tôi đang bận bây giờ.,A2
nurse,/nɜːs/,noun,a person who cares for sick people,y tá,The nurse is very kind.,Y tá rất tốt bụng.,A2
office,/ˈɒf.ɪs/,noun,a room or building where people work,văn phòng,She works in a big office.,Cô ấy làm việc trong một văn phòng lớn.,A2
only,/ˈəʊn.li/,adverb,no more than a particular amount,chỉ,I only have ten minutes.,Tôi chỉ có mười phút.,A2
order,/ˈɔː.dər/,verb,to ask for food or drinks in a restaurant,gọi đồ ăn,She ordered a cup of tea.,Cô ấy gọi một tách trà.,A2
outside,/ˌaʊtˈsaɪd/,adverb,not inside a building,bên ngoài,Let's sit outside.,Hãy ngồi bên ngoài.,A2
paper,/ˈpeɪ.pər/,noun,a thin material used for writing,giấy,Write your name on the paper.,Viết tên của bạn lên giấy.,A2
people,/ˈpiː.pəl/,noun,human beings in general,con người / mọi người,Many people visit this place.,Nhiều người đến thăm nơi này.,A2
perfect,/ˈpɜː.fɪkt/,adjective,having no mistakes or faults,hoàn hảo,Your pronunciation is perfect.,Phát âm của bạn hoàn hảo.,A2
phone,/fəʊn/,noun,a device used to make and receive calls,điện thoại,She left her phone on the table.,Cô ấy để điện thoại trên bàn.,A2
place,/pleɪs/,noun,a particular area or position,nơi chốn,This is a beautiful place.,Đây là một nơi đẹp.,A2
plan,/plæn/,noun,a set of decisions about how to do something,kế hoạch,We have a plan for the weekend.,Chúng tôi có kế hoạch cho cuối tuần.,A2
price,/praɪs/,noun,the amount of money needed to buy something,giá cả,What is the price of this bag?,Giá chiếc túi này là bao nhiêu?,A2
problem,/ˈprɒb.ləm/,noun,a situation that causes difficulty,vấn đề,She solved the problem quickly.,Cô ấy giải quyết vấn đề nhanh chóng.,A2
question,/ˈkwes.tʃən/,noun,a sentence asking for information,câu hỏi,Please ask a question if you do not understand.,Hãy hỏi nếu bạn không hiểu.,A2
quickly,/ˈkwɪk.li/,adverb,at a fast speed,nhanh chóng,She finished the test quickly.,Cô ấy làm xong bài kiểm tra nhanh chóng.,A2
ready,/ˈred.i/,adjective,prepared for something,sẵn sàng,Are you ready to go?,Bạn đã sẵn sàng đi chưa?,A2
red,/red/,adjective,having the color of blood,màu đỏ,She wore a red scarf.,Cô ấy đeo khăn đỏ.,A2
remember,/rɪˈmem.bər/,verb,to bring something back to your mind,nhớ lại,Do you remember her name?,Bạn có nhớ tên cô ấy không?,A2
repeat,/rɪˈpiːt/,verb,to say or do something again,lặp lại,Please repeat the sentence.,Vui lòng lặp lại câu đó.,A2
restaurant,/ˈres.tɒr.ənt/,noun,a place where you pay to eat meals,nhà hàng,We had dinner at a restaurant.,Chúng tôi ăn tối tại nhà hàng.,A2
return,/rɪˈtɜːn/,verb,to go or come back to a place,trở về,She returned home after vacation.,Cô ấy trở về nhà sau kỳ nghỉ.,A2
road,/rəʊd/,noun,a path with a hard surface for vehicles,con đường,The road is very busy this morning.,Con đường rất tấp nập sáng nay.,A2
room,/ruːm/,noun,a separate space inside a building,phòng,Her room is clean and tidy.,Phòng của cô ấy sạch sẽ và gọn gàng.,A2
sad,/sæd/,adjective,unhappy or sorrowful,buồn,She felt sad when she heard the news.,Cô ấy cảm thấy buồn khi nghe tin đó.,A2
same,/seɪm/,adjective,identical in every way,giống nhau,We have the same teacher.,Chúng tôi có cùng một giáo viên.,A2
say,/seɪ/,verb,to speak words out loud,nói,She said goodbye to everyone.,Cô ấy nói lời tạm biệt với mọi người.,A2
see,/siː/,verb,to perceive with your eyes,nhìn thấy,Can you see the mountains from here?,Bạn có thể nhìn thấy núi từ đây không?,A2
sell,/sel/,verb,to give something in exchange for money,bán,He sells fresh fruit at the market.,Anh ấy bán hoa quả tươi ở chợ.,A2
send,/send/,verb,to cause something to go somewhere,gửi,Please send me an email.,Vui lòng gửi email cho tôi.,A2
short,/ʃɔːt/,adjective,measuring a small distance from end to end,ngắn,The meeting was short.,Cuộc họp rất ngắn.,A2
show,/ʃəʊ/,verb,to allow someone to see something,chỉ / cho xem,Show me your homework.,Cho tôi xem bài tập về nhà của bạn.,A2
sing,/sɪŋ/,verb,to make music with your voice,hát,She loves to sing in the shower.,Cô ấy thích hát khi tắm.,A2
sit,/sɪt/,verb,to rest with your bottom on a surface,ngồi,Please sit down.,Vui lòng ngồi xuống.,A2
small,/smɔːl/,adjective,little in size,nhỏ,They live in a small village.,Họ sống ở một ngôi làng nhỏ.,A2
smile,/smaɪl/,verb,to curve your mouth upward to show happiness,mỉm cười,She always smiles when she sees him.,Cô ấy luôn mỉm cười khi nhìn thấy anh ấy.,A2
sometimes,/ˈsʌm.taɪmz/,adverb,occasionally,đôi khi,He sometimes eats lunch at his desk.,Đôi khi anh ấy ăn trưa tại bàn.,A2
song,/sɒŋ/,noun,a piece of music with words,bài hát,This is my favorite song.,Đây là bài hát yêu thích của tôi.,A2
soon,/suːn/,adverb,in a short time from now,sớm,I will be there soon.,Tôi sẽ đến đó sớm.,A2
sorry,/ˈsɒr.i/,adjective,feeling regret or sadness,xin lỗi,I am sorry for being late.,Tôi xin lỗi vì đến muộn.,A2
speak,/spiːk/,verb,to talk to someone,nói / phát biểu,She speaks three languages.,Cô ấy nói được ba ngôn ngữ.,A2
spend,/spend/,verb,to use money or time,tiêu / dành,She spends time reading every evening.,Cô ấy dành thời gian đọc sách mỗi tối.,A2
sport,/spɔːt/,noun,a physical game or activity,thể thao,He enjoys watching sport on TV.,Anh ấy thích xem thể thao trên TV.,A2
stand,/stænd/,verb,to be in an upright position on your feet,đứng,Please stand up when the teacher enters.,Vui lòng đứng dậy khi giáo viên vào.,A2
start,/stɑːt/,verb,to begin doing something,bắt đầu,The film starts at eight.,Phim bắt đầu lúc tám giờ.,A2
station,/ˈsteɪ.ʃən/,noun,a place where trains or buses stop,bến xe / ga tàu,The bus station is near the market.,Bến xe buýt gần chợ.,A2
stay,/steɪ/,verb,to remain in a place,ở lại,She stayed at home all day.,Cô ấy ở nhà cả ngày.,A2
stop,/stɒp/,verb,to no longer move or continue,dừng lại,Stop talking in class.,Ngừng nói chuyện trong lớp.,A2
store,/stɔːr/,noun,a place where things are sold,cửa hàng,The store opens at nine in the morning.,Cửa hàng mở cửa lúc chín giờ sáng.,A2
story,/ˈstɔː.ri/,noun,a description of events that may be real or imaginary,câu chuyện,She told us an interesting story.,Cô ấy kể cho chúng tôi một câu chuyện thú vị.,A2
street,/striːt/,noun,a road in a town with buildings along it,con phố,The bookstore is on the main street.,Hiệu sách ở trên phố chính.,A2
strong,/strɒŋ/,adjective,having great physical power,mạnh mẽ,He is tall and strong.,Anh ấy cao và mạnh mẽ.,A2
student,/ˈstjuː.dənt/,noun,a person who is learning at school,học sinh / sinh viên,She is a good student.,Cô ấy là học sinh giỏi.,A2
study,/ˈstʌd.i/,verb,to learn about a subject by reading,học tập,He studies English every night.,Anh ấy học tiếng Anh mỗi tối.,A2
summer,/ˈsʌm.ər/,noun,the warmest season of the year,mùa hè,We go to the beach in summer.,Chúng tôi ra biển vào mùa hè.,A2
sure,/ʃʊər/,adjective,certain about something,chắc chắn,Are you sure about that?,Bạn có chắc về điều đó không?,A2
take,/teɪk/,verb,to get hold of something and bring it,lấy / mang,Take your umbrella with you.,Mang ô theo với bạn.,A2
tall,/tɔːl/,adjective,of great height,cao,The basketball player is very tall.,Cầu thủ bóng rổ rất cao.,A2
teach,/tiːtʃ/,verb,to give knowledge or instruction to someone,dạy,She teaches mathematics at school.,Cô ấy dạy toán ở trường.,A2
teacher,/ˈtiːtʃ.ər/,noun,a person whose job is to teach,giáo viên,My teacher is very patient.,Giáo viên của tôi rất kiên nhẫn.,A2
telephone,/ˈtel.ɪ.fəʊn/,noun,a device used for making calls over distance,điện thoại,The telephone is on the desk.,Điện thoại ở trên bàn.,A2
tell,/tel/,verb,to communicate information to someone,kể / nói,Tell me about your holiday.,Kể cho tôi nghe về kỳ nghỉ của bạn.,A2
think,/θɪŋk/,verb,to use your mind to consider ideas,nghĩ,I think this answer is correct.,Tôi nghĩ câu trả lời này đúng.,A2
thirsty,/ˈθɜː.sti/,adjective,feeling a need to drink,khát,I am very thirsty after running.,Tôi rất khát sau khi chạy.,A2
ticket,/ˈtɪk.ɪt/,noun,a small piece of paper allowing entry or travel,vé,I bought two tickets for the concert.,Tôi mua hai vé cho buổi hòa nhạc.,A2
tired,/ˈtaɪəd/,adjective,feeling a need to rest or sleep,mệt mỏi,She feels tired after a long day.,Cô ấy cảm thấy mệt mỏi sau một ngày dài.,A2
together,/təˈɡeð.ər/,adverb,with another person or group,cùng nhau,They study together in the library.,Họ học cùng nhau ở thư viện.,A2
town,/taʊn/,noun,a place larger than a village with buildings,thị trấn,She grew up in a small town.,Cô ấy lớn lên ở một thị trấn nhỏ.,A2
train,/treɪn/,noun,a vehicle that runs on railway tracks,tàu hỏa,The train to Ho Chi Minh City leaves at seven.,Tàu đến Thành phố Hồ Chí Minh khởi hành lúc bảy giờ.,A2
travel,/ˈtræv.əl/,verb,to make a journey to a place,đi du lịch,She loves to travel to new countries.,Cô ấy thích đi du lịch đến các nước mới.,A2
try,/traɪ/,verb,to make an effort to do something,cố gắng / thử,Try to speak English every day.,Cố gắng nói tiếng Anh mỗi ngày.,A2
turn,/tɜːn/,verb,to move in a circular direction,quay / rẽ,Turn left at the traffic light.,Rẽ trái ở đèn giao thông.,A2
wait,/weɪt/,verb,to stay in a place until something happens,chờ đợi,Wait for me at the gate.,Đợi tôi ở cổng.,A2
want,/wɒnt/,verb,to feel a desire for something,muốn,I want to learn French.,Tôi muốn học tiếng Pháp.,A2
warm,/wɔːm/,adjective,having a comfortable temperature,ấm áp,The weather is warm today.,Thời tiết hôm nay ấm áp.,A2
watch,/wɒtʃ/,verb,to look at something for some time,xem / nhìn,She watches TV after dinner.,Cô ấy xem TV sau bữa tối.,A2
weather,/ˈweð.ər/,noun,the temperature and conditions outside,thời tiết,The weather is sunny and warm.,Thời tiết nắng ấm.,A2
week,/wiːk/,noun,a period of seven days,tuần,I study five days a week.,Tôi học năm ngày mỗi tuần.,A2
wife,/waɪf/,noun,a woman who is married,người vợ,His wife is a nurse.,Vợ anh ấy là y tá.,A2
win,/wɪn/,verb,to come first in a competition,thắng,She won first prize.,Cô ấy giành giải nhất.,A2
winter,/ˈwɪn.tər/,noun,the coldest season of the year,mùa đông,It snows a lot in winter.,Trời tuyết rất nhiều vào mùa đông.,A2
wonderful,/ˈwʌn.də.fəl/,adjective,extremely good or impressive,tuyệt vời,What a wonderful view!,Thật là một cảnh tuyệt vời!,A2
word,/wɜːd/,noun,a unit of language with meaning,từ,Learn five new words each day.,Học năm từ mới mỗi ngày.,A2
work,/wɜːk/,verb,to do a job or activity,làm việc,She works at a hospital.,Cô ấy làm việc ở bệnh viện.,A2
write,/raɪt/,verb,to make letters or words on paper,viết,Write your name on the form.,Viết tên của bạn vào mẫu đơn.,A2
wrong,/rɒŋ/,adjective,not correct or not suitable,sai,Sorry I dialed the wrong number.,Xin lỗi tôi đã bấm nhầm số.,A2
ability,/əˈbɪl.ɪ.ti/,noun,the skill or power to do something,khả năng,She has the ability to learn quickly.,Cô ấy có khả năng học nhanh.,B1
abroad,/əˈbrɔːd/,adverb,in or to a foreign country,ở nước ngoài,She studied abroad for a year.,Cô ấy học ở nước ngoài một năm.,B1
accept,/əkˈsept/,verb,to receive something offered,chấp nhận,He accepted the job offer.,Anh ấy chấp nhận đề nghị công việc.,B1
achieve,/əˈtʃiːv/,verb,to succeed in reaching a goal,đạt được,She achieved her goal of speaking fluent English.,Cô ấy đạt được mục tiêu nói tiếng Anh thành thạo.,B1
advantage,/ədˈvɑːn.tɪdʒ/,noun,something that makes you better than others,lợi thế,Knowing English is a big advantage.,Biết tiếng Anh là một lợi thế lớn.,B1
advice,/ədˈvaɪs/,noun,a suggestion about what someone should do,lời khuyên,She gave me useful advice.,Cô ấy cho tôi lời khuyên hữu ích.,B1
afraid,/əˈfreɪd/,adjective,feeling fear about something,sợ hãi,She is afraid of the dark.,Cô ấy sợ bóng tối.,B1
although,/ɔːlˈðəʊ/,conjunction,despite the fact that,mặc dù,Although it was cold she went out.,Mặc dù trời lạnh cô ấy vẫn ra ngoài.,B1
appear,/əˈpɪər/,verb,to come into sight,xuất hiện,A rainbow appeared after the rain.,Cầu vồng xuất hiện sau cơn mưa.,B1
apply,/əˈplaɪ/,verb,to make a formal request for something,nộp đơn / áp dụng,She applied for a new job.,Cô ấy nộp đơn xin việc mới.,B1
appointment,/əˈpɔɪnt.mənt/,noun,an arranged meeting at a specific time,cuộc hẹn,I have a doctor appointment tomorrow.,Tôi có lịch hẹn bác sĩ ngày mai.,B1
approach,/əˈprəʊtʃ/,verb,to come near to something,tiếp cận,She approached the problem calmly.,Cô ấy tiếp cận vấn đề một cách bình tĩnh.,B1
approximately,/əˈprɒk.sɪ.mə.tli/,adverb,close to an exact amount,xấp xỉ,The journey takes approximately two hours.,Hành trình mất khoảng hai giờ.,B1
argue,/ˈɑː.ɡjuː/,verb,to disagree strongly using words,tranh luận,They often argue about small things.,Họ thường tranh luận về những chuyện nhỏ.,B1
article,/ˈɑː.tɪ.kəl/,noun,a piece of writing in a newspaper,bài báo,She wrote an article about climate change.,Cô ấy viết một bài báo về biến đổi khí hậu.,B1
attend,/əˈtend/,verb,to be present at an event,tham dự,All students must attend the meeting.,Tất cả học sinh phải tham dự cuộc họp.,B1
attitude,/ˈæt.ɪ.tjuːd/,noun,your feelings or opinions about something,thái độ,She has a positive attitude toward learning.,Cô ấy có thái độ tích cực đối với việc học.,B1
available,/əˈveɪ.lə.bəl/,adjective,ready to be used or obtained,có sẵn,Is this product available in stores?,Sản phẩm này có bán ở cửa hàng không?,B1
average,/ˈæv.ər.ɪdʒ/,noun,the result of adding numbers and dividing by the count,mức trung bình,Her test score is above average.,Điểm kiểm tra của cô ấy cao hơn mức trung bình.,B1
avoid,/əˈvɔɪd/,verb,to keep away from something,tránh,Avoid eating junk food.,Tránh ăn đồ ăn vặt.,B1
aware,/əˈweər/,adjective,knowing that something exists,biết / nhận thức,She is aware of the risks.,Cô ấy biết về những rủi ro.,B1
behave,/bɪˈheɪv/,verb,to act in a particular way,cư xử,He behaves well at school.,Anh ấy cư xử tốt ở trường.,B1
believe,/bɪˈliːv/,verb,to think something is true,tin tưởng,I believe you can do it.,Tôi tin bạn có thể làm được.,B1
benefit,/ˈben.ɪ.fɪt/,noun,an advantage or good effect,lợi ích,Exercise has many benefits for health.,Tập thể dục có nhiều lợi ích cho sức khỏe.,B1
broad,/brɔːd/,adjective,wide from one side to the other,rộng,The road is broad enough for two cars.,Con đường đủ rộng cho hai xe ô tô.,B1
calm,/kɑːm/,adjective,not worried or excited,bình tĩnh,Stay calm in an emergency.,Hãy bình tĩnh trong trường hợp khẩn cấp.,B1
career,/kəˈrɪər/,noun,a job or profession over a long period,sự nghiệp,She has a successful career in medicine.,Cô ấy có sự nghiệp thành công trong y học.,B1
cause,/kɔːz/,noun,the reason why something happens,nguyên nhân,What is the cause of the problem?,Nguyên nhân của vấn đề là gì?,B1
celebrate,/ˈsel.ɪ.breɪt/,verb,to do something enjoyable for a special occasion,kỷ niệm / ăn mừng,We celebrate New Year's Eve together.,Chúng tôi đón Giao thừa cùng nhau.,B1
certainly,/ˈsɜː.tən.li/,adverb,without any doubt,chắc chắn,She will certainly pass the exam.,Cô ấy chắc chắn sẽ vượt qua kỳ thi.,B1
challenge,/ˈtʃæl.ɪndʒ/,noun,something difficult that tests your abilities,thách thức,Learning a language is a big challenge.,Học một ngôn ngữ là một thách thức lớn.,B1
chance,/tʃɑːns/,noun,an opportunity to do something,cơ hội,This is a chance to improve your skills.,Đây là cơ hội để cải thiện kỹ năng của bạn.,B1
character,/ˈkær.ɪk.tər/,noun,the qualities that make someone unique,tính cách,She has a kind and generous character.,Cô ấy có tính cách tốt bụng và hào phóng.,B1
collect,/kəˈlekt/,verb,to gather things together,thu thập / sưu tầm,He collects stamps from around the world.,Anh ấy sưu tầm tem từ khắp nơi trên thế giới.,B1
compare,/kəmˈpeər/,verb,to examine how two things are similar or different,so sánh,Compare the two prices before buying.,So sánh hai giá trước khi mua.,B1
competition,/ˌkɒm.pɪˈtɪʃ.ən/,noun,an event where people compete,cuộc thi,She won the singing competition.,Cô ấy giành chiến thắng trong cuộc thi hát.,B1
complex,/ˈkɒm.pleks/,adjective,consisting of many connected parts,phức tạp,The problem is quite complex.,Vấn đề khá phức tạp.,B1
concentrate,/ˈkɒn.sən.treɪt/,verb,to focus your attention on something,tập trung,Concentrate on your studies.,Tập trung vào việc học của bạn.,B1
confident,/ˈkɒn.fɪ.dənt/,adjective,certain that you can do something,tự tin,She feels confident in her abilities.,Cô ấy tự tin vào khả năng của mình.,B1
consider,/kənˈsɪd.ər/,verb,to think carefully about something,xem xét,Consider all options before deciding.,Xem xét tất cả các lựa chọn trước khi quyết định.,B1
contact,/ˈkɒn.tækt/,verb,to communicate with someone,liên lạc,Contact me if you need help.,Liên lạc với tôi nếu bạn cần giúp đỡ.,B1
contain,/kənˈteɪn/,verb,to have something inside,chứa đựng,This box contains twenty books.,Hộp này chứa hai mươi cuốn sách.,B1
continue,/kənˈtɪn.juː/,verb,to keep doing something without stopping,tiếp tục,She continued reading after dinner.,Cô ấy tiếp tục đọc sách sau bữa tối.,A2
create,/kriˈeɪt/,verb,to make something new,tạo ra,She created a beautiful painting.,Cô ấy tạo ra một bức tranh đẹp.,B1
culture,/ˈkʌl.tʃər/,noun,the ideas and customs of a society,văn hóa,Vietnamese culture is very diverse.,Văn hóa Việt Nam rất đa dạng.,B1
current,/ˈkʌr.ənt/,adjective,happening or existing now,hiện tại,What is the current situation?,Tình hình hiện tại như thế nào?,B1
data,/ˈdeɪ.tə/,noun,information in the form of facts or statistics,dữ liệu,We need more data to make a decision.,Chúng tôi cần nhiều dữ liệu hơn để đưa ra quyết định.,B1
debate,/dɪˈbeɪt/,noun,a formal discussion of opposing opinions,cuộc tranh luận,They had a debate about the new policy.,Họ tranh luận về chính sách mới.,B1
describe,/dɪˈskraɪb/,verb,to say what something is like,miêu tả,Describe the main character of the story.,Mô tả nhân vật chính của câu chuyện.,B1
design,/dɪˈzaɪn/,verb,to plan how something will look,thiết kế,She designed a new website.,Cô ấy thiết kế một trang web mới.,B1
despite,/dɪˈspaɪt/,preposition,without being affected by something,mặc dù,She succeeded despite the difficulties.,Cô ấy thành công dù gặp nhiều khó khăn.,B1
develop,/dɪˈvel.əp/,verb,to grow or become more advanced,phát triển,She is developing her language skills.,Cô ấy đang phát triển kỹ năng ngôn ngữ.,B1
discuss,/dɪˈskʌs/,verb,to talk about a topic with others,thảo luận,Let us discuss the project plan.,Hãy cùng thảo luận về kế hoạch dự án.,B1
distance,/ˈdɪs.təns/,noun,how far it is between two places,khoảng cách,What is the distance between the two cities?,Khoảng cách giữa hai thành phố là bao nhiêu?,B1
doubt,/daʊt/,noun,a feeling of uncertainty,sự nghi ngờ,She had doubts about the decision.,Cô ấy nghi ngờ về quyết định đó.,B1
effort,/ˈef.ət/,noun,the energy needed to do something,nỗ lực,She made a great effort to pass the test.,Cô ấy nỗ lực rất nhiều để vượt qua bài kiểm tra.,B1
emotion,/ɪˈməʊ.ʃən/,noun,a strong feeling such as love or fear,cảm xúc,Music can create strong emotions.,Âm nhạc có thể tạo ra những cảm xúc mạnh mẽ.,B1
encourage,/ɪnˈkʌr.ɪdʒ/,verb,to give support and confidence to someone,khuyến khích,Her teacher encouraged her to keep trying.,Giáo viên khuyến khích cô ấy tiếp tục cố gắng.,B1
environment,/ɪnˈvaɪ.rən.mənt/,noun,the natural world around us,môi trường,We must protect the environment.,Chúng ta phải bảo vệ môi trường.,B1
especially,/ɪˈspeʃ.əl.i/,adverb,more than usual or particularly,đặc biệt,She loves animals especially cats.,Cô ấy yêu động vật đặc biệt là mèo.,B1
event,/ɪˈvent/,noun,something that happens at a specific time,sự kiện,The sports event attracted thousands of people.,Sự kiện thể thao thu hút hàng ngàn người.,B1
evidence,/ˈev.ɪ.dəns/,noun,facts proving whether something is true,bằng chứng,There is clear evidence of his guilt.,Có bằng chứng rõ ràng về lỗi của anh ấy.,B1
exactly,/ɪɡˈzækt.li/,adverb,precisely and accurately,chính xác,Tell me exactly what happened.,Hãy nói cho tôi biết chính xác điều gì đã xảy ra.,B1
expect,/ɪkˈspekt/,verb,to think something will happen,mong đợi,I expect the package to arrive tomorrow.,Tôi mong gói hàng sẽ đến vào ngày mai.,B1
experience,/ɪkˈspɪər.i.əns/,noun,knowledge gained from doing things,kinh nghiệm,She has a lot of experience in teaching.,Cô ấy có nhiều kinh nghiệm trong giảng dạy.,B1
experiment,/ɪkˈsper.ɪ.mənt/,noun,a scientific test to discover something,thí nghiệm,They conducted an experiment in the lab.,Họ thực hiện một thí nghiệm trong phòng lab.,B1
expert,/ˈek.spɜːt/,noun,a person with great knowledge in a field,chuyên gia,She is an expert in artificial intelligence.,Cô ấy là chuyên gia về trí tuệ nhân tạo.,B1
express,/ɪkˈspres/,verb,to show your feelings or ideas,bày tỏ / diễn đạt,She expressed her opinion clearly.,Cô ấy bày tỏ ý kiến của mình rõ ràng.,B1
fail,/feɪl/,verb,to not succeed in something,thất bại,He failed the driving test twice.,Anh ấy trượt kỳ thi lái xe hai lần.,B1
familiar,/fəˈmɪl.i.ər/,adjective,well known from before,quen thuộc,This place looks familiar.,Nơi này trông quen thuộc.,B1
feature,/ˈfiː.tʃər/,noun,an important or interesting part of something,đặc điểm / tính năng,The main feature of this phone is its camera.,Tính năng chính của điện thoại này là camera.,B1
focus,/ˈfəʊ.kəs/,verb,to give attention to one thing,tập trung vào,Focus on one task at a time.,Tập trung vào một nhiệm vụ mỗi lần.,B1
formal,/ˈfɔː.məl/,adjective,official and serious,trang trọng,He wore a formal suit to the interview.,Anh ấy mặc bộ đồ trang trọng đi phỏng vấn.,B1
forward,/ˈfɔː.wəd/,adverb,toward the front or future,tiến về phía trước,Look forward and keep going.,Nhìn về phía trước và tiếp tục đi.,B1
frequent,/ˈfriː.kwənt/,adjective,happening often,thường xuyên,She makes frequent visits to the library.,Cô ấy thường xuyên đến thư viện.,B1
general,/ˈdʒen.ər.əl/,adjective,affecting or including everything,chung / phổ biến,In general the project went well.,Nhìn chung dự án diễn ra tốt đẹp.,B1
gradually,/ˈɡrædʒ.u.ə.li/,adverb,slowly over a period of time,dần dần,Her English improved gradually.,Tiếng Anh của cô ấy dần dần được cải thiện.,B1
health,/helθ/,noun,the condition of your body and mind,sức khỏe,Good health is the most important thing.,Sức khỏe tốt là điều quan trọng nhất.,B1
however,/haʊˈev.ər/,adverb,despite what was said before,tuy nhiên,The test was hard however she passed.,Bài kiểm tra khó tuy nhiên cô ấy vẫn vượt qua.,B1
identify,/aɪˈden.tɪ.faɪ/,verb,to recognize who someone is,xác định,Can you identify the problem?,Bạn có thể xác định vấn đề không?,B1
imagine,/ɪˈmædʒ.ɪn/,verb,to form a picture in your mind,tưởng tượng,Imagine living in a foreign country.,Hãy tưởng tượng sống ở một quốc gia nước ngoài.,B1
improve,/ɪmˈpruːv/,verb,to become or make something better,cải thiện,Reading every day will improve your vocabulary.,Đọc sách mỗi ngày sẽ cải thiện vốn từ vựng của bạn.,B1
include,/ɪnˈkluːd/,verb,to have something as a part,bao gồm,The package includes a free gift.,Gói hàng bao gồm một quà tặng miễn phí.,B1
increase,/ɪnˈkriːs/,verb,to become larger in number or amount,tăng,Her salary increased this year.,Lương của cô ấy tăng trong năm nay.,B1
individual,/ˌɪn.dɪˈvɪdʒ.u.əl/,noun,a single person,cá nhân,Every individual has rights.,Mỗi cá nhân đều có quyền.,B1
influence,/ˈɪn.flu.əns/,noun,the power to affect others,ảnh hưởng,She has a strong influence on her students.,Cô ấy có ảnh hưởng mạnh mẽ đến học sinh.,B1
inform,/ɪnˈfɔːm/,verb,to give information to someone,thông báo,Please inform me of any changes.,Vui lòng thông báo cho tôi về bất kỳ thay đổi nào.,B1
injury,/ˈɪn.dʒər.i/,noun,physical harm done to someone,chấn thương,He recovered from his injury in two weeks.,Anh ấy hồi phục sau chấn thương trong hai tuần.,B1
intelligent,/ɪnˈtel.ɪ.dʒənt/,adjective,having a high ability to learn,thông minh,She is a very intelligent student.,Cô ấy là một học sinh rất thông minh.,B1
interested,/ˈɪn.trɪ.stɪd/,adjective,wanting to know more about something,quan tâm / hứng thú,I am interested in learning piano.,Tôi hứng thú với việc học piano.,B1
issue,/ˈɪʃ.uː/,noun,an important topic or problem,vấn đề / số báo,Environmental pollution is a serious issue.,Ô nhiễm môi trường là một vấn đề nghiêm trọng.,B1
local,/ˈləʊ.kəl/,adjective,relating to a particular area,địa phương,She shops at the local market.,Cô ấy mua sắm ở chợ địa phương.,B1
manage,/ˈmæn.ɪdʒ/,verb,to be in charge of something,quản lý,She manages a team of ten people.,Cô ấy quản lý một nhóm mười người.,B1
method,/ˈmeθ.əd/,noun,a particular way of doing something,phương pháp,This is an effective teaching method.,Đây là một phương pháp giảng dạy hiệu quả.,B1
nature,/ˈneɪ.tʃər/,noun,the physical world including plants and animals,thiên nhiên,She loves spending time in nature.,Cô ấy thích dành thời gian ở thiên nhiên.,B1
necessary,/ˈnes.ə.ser.i/,adjective,needed in order to achieve a result,cần thiết,Is it necessary to wear a uniform?,Mặc đồng phục có cần thiết không?,B1
notice,/ˈnəʊ.tɪs/,verb,to see or become aware of something,chú ý / nhận thấy,Did you notice his new haircut?,Bạn có nhận thấy kiểu tóc mới của anh ấy không?,B1
offer,/ˈɒf.ər/,verb,to present something for someone to accept,đề nghị / cung cấp,She offered to help me move.,Cô ấy đề nghị giúp tôi chuyển nhà.,B1
opinion,/əˈpɪn.jən/,noun,a personal view or belief,ý kiến,In my opinion this plan is great.,Theo tôi kế hoạch này rất tốt.,B1
opportunity,/ˌɒp.əˈtjuː.nɪ.ti/,noun,a time when something can be done,cơ hội,This job is a great opportunity.,Công việc này là một cơ hội tuyệt vời.,B1
organization,/ˌɔː.ɡən.aɪˈzeɪ.ʃən/,noun,a group of people working together,tổ chức,She works for an international organization.,Cô ấy làm việc cho một tổ chức quốc tế.,B1
partner,/ˈpɑː.tnər/,noun,a person who shares in an activity,đối tác / bạn đời,She and her partner opened a business.,Cô ấy và đối tác mở một doanh nghiệp.,B1
patient,/ˈpeɪ.ʃənt/,adjective,able to wait calmly,kiên nhẫn,A good teacher must be patient.,Một giáo viên tốt phải kiên nhẫn.,B1
perform,/pəˈfɔːm/,verb,to do an action or activity,thực hiện,She performed well in the interview.,Cô ấy thực hiện tốt trong buổi phỏng vấn.,B1
period,/ˈpɪər.i.əd/,noun,a length of time,thời kỳ / giai đoạn,The exam covers the period from 1900 to 1950.,Kỳ thi bao gồm giai đoạn từ 1900 đến 1950.,B1
policy,/ˈpɒl.ɪ.si/,noun,a plan or set of rules used by an organization,chính sách,The school has a strict mobile phone policy.,Trường có chính sách nghiêm ngặt về điện thoại di động.,B1
population,/ˌpɒp.jʊˈleɪ.ʃən/,noun,the number of people in a place,dân số,The population of Vietnam is about 98 million.,Dân số Việt Nam khoảng 98 triệu người.,B1
positive,/ˈpɒz.ɪ.tɪv/,adjective,hopeful and confident,tích cực,She has a positive attitude.,Cô ấy có thái độ tích cực.,B1
predict,/prɪˈdɪkt/,verb,to say what you think will happen,dự đoán,Scientists can predict the weather.,Các nhà khoa học có thể dự đoán thời tiết.,B1
prefer,/prɪˈfɜːr/,verb,to like one thing more than another,thích hơn,I prefer tea to coffee.,Tôi thích trà hơn cà phê.,B1
prepare,/prɪˈpeər/,verb,to make something ready for use,chuẩn bị,She prepared food for the party.,Cô ấy chuẩn bị thức ăn cho bữa tiệc.,B1
present,/ˈprez.ənt/,verb,to show or give something to an audience,trình bày,He presented his project to the class.,Anh ấy trình bày dự án của mình trước lớp.,B1
prevent,/prɪˈvent/,verb,to stop something from happening,ngăn chặn,Exercise can prevent many diseases.,Tập thể dục có thể ngăn ngừa nhiều bệnh.,B1
process,/ˈprəʊ.ses/,noun,a series of actions to achieve a result,quy trình,Learning a language is a long process.,Học một ngôn ngữ là một quá trình dài.,B1
professional,/prəˈfeʃ.ən.əl/,adjective,relating to a job needing special training,chuyên nghiệp,She behaves in a very professional way.,Cô ấy hành xử theo cách rất chuyên nghiệp.,B1
progress,/ˈprəʊ.ɡres/,noun,development toward a better state,tiến bộ,She has made great progress in English.,Cô ấy đã có nhiều tiến bộ trong tiếng Anh.,B1
project,/ˈprɒdʒ.ekt/,noun,a planned piece of work,dự án,We are working on a group project.,Chúng tôi đang thực hiện một dự án nhóm.,B1
provide,/prəˈvaɪd/,verb,to give something needed,cung cấp,The school provides free meals.,Trường cung cấp bữa ăn miễn phí.,B1
purpose,/ˈpɜː.pəs/,noun,the reason you do something,mục đích,The purpose of the exercise is to build strength.,Mục đích của bài tập là xây dựng sức mạnh.,B1
quality,/ˈkwɒl.ɪ.ti/,noun,how good or bad something is,chất lượng,The quality of this product is excellent.,Chất lượng của sản phẩm này xuất sắc.,B1
receive,/rɪˈsiːv/,verb,to get something given to you,nhận,She received a letter from her friend.,Cô ấy nhận được thư từ bạn mình.,B1
recently,/ˈriː.sənt.li/,adverb,not long ago,gần đây,She recently moved to a new city.,Cô ấy mới chuyển đến một thành phố mới gần đây.,B1
reduce,/rɪˈdjuːs/,verb,to make something smaller or less,giảm,We should reduce the use of plastic.,Chúng ta nên giảm sử dụng nhựa.,B1
relationship,/rɪˈleɪ.ʃən.ʃɪp/,noun,a connection between people,mối quan hệ,She has a good relationship with her colleagues.,Cô ấy có mối quan hệ tốt với đồng nghiệp.,B1
require,/rɪˈkwaɪər/,verb,to need something,yêu cầu / cần,This job requires good communication skills.,Công việc này yêu cầu kỹ năng giao tiếp tốt.,B1
research,/rɪˈsɜːtʃ/,noun,careful study to find facts,nghiên cứu,She is doing research on climate change.,Cô ấy đang nghiên cứu về biến đổi khí hậu.,B1
resource,/rɪˈzɔːs/,noun,something useful for achieving a purpose,tài nguyên,The internet is a useful resource for learning.,Internet là một tài nguyên hữu ích để học tập.,B1
respect,/rɪˈspekt/,noun,a feeling of admiration for someone,sự tôn trọng,We must respect each other's differences.,Chúng ta phải tôn trọng sự khác biệt của nhau.,B1
responsibility,/rɪˌspɒn.sɪˈbɪl.ɪ.ti/,noun,the duty to deal with something,trách nhiệm,Taking responsibility is a sign of maturity.,Biết nhận trách nhiệm là dấu hiệu của sự trưởng thành.,B1
result,/rɪˈzʌlt/,noun,the consequence of an action,kết quả,The result of the test surprised everyone.,Kết quả bài kiểm tra làm mọi người ngạc nhiên.,B1
review,/rɪˈvjuː/,verb,to look at something again carefully,ôn lại / xem lại,Review your notes before the exam.,Ôn lại ghi chú trước kỳ thi.,B1
serious,/ˈsɪər.i.əs/,adjective,not joking or playful,nghiêm túc,She takes her studies seriously.,Cô ấy học hành rất nghiêm túc.,B1
similar,/ˈsɪm.ɪ.lər/,adjective,almost the same but not exactly,tương tự,These two words have similar meanings.,Hai từ này có nghĩa tương tự nhau.,B1
situation,/ˌsɪtʃ.uˈeɪ.ʃən/,noun,a set of circumstances at a particular time,tình huống,She handled the difficult situation well.,Cô ấy xử lý tình huống khó khăn rất tốt.,B1
skill,/skɪl/,noun,the ability to do something well,kỹ năng,Communication skills are very important.,Kỹ năng giao tiếp rất quan trọng.,B1
society,/səˈsaɪ.ɪ.ti/,noun,a community of people living together,xã hội,Education is important for society.,Giáo dục rất quan trọng đối với xã hội.,B1
solve,/sɒlv/,verb,to find an answer to a problem,giải quyết,She solved the math problem quickly.,Cô ấy giải quyết bài toán nhanh chóng.,B1
source,/sɔːs/,noun,the place something comes from,nguồn gốc / nguồn,The sun is the main source of energy.,Mặt trời là nguồn năng lượng chính.,B1
specific,/spəˈsɪf.ɪk/,adjective,relating to one particular thing,cụ thể,Give me a specific example.,Cho tôi một ví dụ cụ thể.,B1
standard,/ˈstæn.dəd/,noun,a level of quality that is normal,tiêu chuẩn,The school has high academic standards.,Trường có tiêu chuẩn học thuật cao.,B1
suggest,/səˈdʒest/,verb,to put forward an idea for consideration,đề xuất,She suggested going to the cinema.,Cô ấy đề xuất đi xem phim.,B1
support,/səˈpɔːt/,verb,to help someone by encouraging them,hỗ trợ,He supports his family financially.,Anh ấy hỗ trợ tài chính cho gia đình.,B1
surprised,/səˈpraɪzd/,adjective,feeling wonder at something unexpected,ngạc nhiên,She was surprised by the gift.,Cô ấy ngạc nhiên vì món quà.,B1
technology,/tekˈnɒl.ə.dʒi/,noun,the application of scientific knowledge,công nghệ,Technology changes our daily lives.,Công nghệ thay đổi cuộc sống hàng ngày của chúng ta.,B1
therefore,/ˈðeə.fɔːr/,adverb,for that reason,vì vậy,She studied hard therefore she passed.,Cô ấy học chăm chỉ vì vậy cô ấy đã vượt qua.,B1
throughout,/θruːˈaʊt/,preposition,in every part of something,suốt / khắp,They traveled throughout Vietnam.,Họ đi du lịch khắp Việt Nam.,B1
traditional,/trəˈdɪʃ.ən.əl/,adjective,following customs from the past,truyền thống,She cooks traditional Vietnamese food.,Cô ấy nấu ăn truyền thống Việt Nam.,B1
typical,/ˈtɪp.ɪ.kəl/,adjective,having the usual qualities of its kind,điển hình,This is a typical Vietnamese dish.,Đây là một món ăn điển hình của Việt Nam.,B1
unique,/juːˈniːk/,adjective,unlike anything else,độc đáo,Each person has a unique personality.,Mỗi người có tính cách độc đáo riêng.,B1
unless,/ənˈles/,conjunction,except if,trừ khi,Unless you practice you will not improve.,Trừ khi bạn luyện tập bạn sẽ không tiến bộ.,B1
variety,/vəˈraɪ.ɪ.ti/,noun,a number of different things,sự đa dạng,There is a variety of food at the market.,Có rất nhiều loại thực phẩm ở chợ.,B1
whole,/həʊl/,adjective,complete including all parts,toàn bộ,She read the whole book in one day.,Cô ấy đọc toàn bộ cuốn sách trong một ngày.,B1
achieve,/əˈtʃiːv/,verb,to reach a goal through effort,đạt thành công,He worked hard to achieve his dreams.,Anh ấy làm việc chăm chỉ để đạt được ước mơ.,B1
adjust,/əˈdʒʌst/,verb,to change something slightly to make it fit,điều chỉnh,You need to adjust your study schedule.,Bạn cần điều chỉnh lịch học của mình.,B1
analyze,/ˈæn.ə.laɪz/,verb,to examine something in detail,phân tích,She analyzed the data carefully.,Cô ấy phân tích dữ liệu một cách cẩn thận.,B1
appropriate,/əˈprəʊ.pri.ɪt/,adjective,suitable for a particular situation,phù hợp,Wear appropriate clothing for the weather.,Mặc quần áo phù hợp với thời tiết.,B1
assist,/əˈsɪst/,verb,to help someone do something,hỗ trợ / giúp đỡ,She assisted the new students.,Cô ấy hỗ trợ các học sinh mới.,B1
characteristic,/ˌkær.ɪk.təˈrɪs.tɪk/,noun,a feature that makes someone recognizable,đặc điểm,Curiosity is a key characteristic of a good learner.,Sự tò mò là đặc điểm quan trọng của người học tốt.,B1
communicate,/kəˈmjuː.nɪ.keɪt/,verb,to share information with someone,giao tiếp,She communicates well in English.,Cô ấy giao tiếp tốt bằng tiếng Anh.,B1
curious,/ˈkjʊər.i.əs/,adjective,wanting to know or learn about something,tò mò,Children are naturally curious.,Trẻ em vốn tự nhiên rất tò mò.,B1
detail,/ˈdiː.teɪl/,noun,a small piece of information,chi tiết,Pay attention to the details.,Hãy chú ý đến các chi tiết.,B1
effective,/ɪˈfek.tɪv/,adjective,producing the intended result,hiệu quả,This is an effective learning method.,Đây là phương pháp học hiệu quả.,B1
energy,/ˈen.ə.dʒi/,noun,the strength to do physical or mental work,năng lượng,Exercise gives you more energy.,Tập thể dục cho bạn thêm năng lượng.,B1
flexible,/ˈflek.sɪ.bəl/,adjective,able to change to suit new conditions,linh hoạt,She has a flexible work schedule.,Cô ấy có lịch làm việc linh hoạt.,B1
global,/ˈɡləʊ.bəl/,adjective,relating to the whole world,toàn cầu,Climate change is a global problem.,Biến đổi khí hậu là vấn đề toàn cầu.,B1
independence,/ˌɪn.dɪˈpen.dəns/,noun,freedom from control by others,sự độc lập,She values her independence.,Cô ấy coi trọng sự độc lập của mình.,B1
knowledge,/ˈnɒl.ɪdʒ/,noun,information and understanding of a subject,kiến thức,Reading increases your knowledge.,Đọc sách giúp tăng kiến thức của bạn.,B1
majority,/məˈdʒɒr.ɪ.ti/,noun,more than half of a group,đa số,The majority of students passed.,Đa số học sinh đều đậu.,B1
mention,/ˈmen.ʃən/,verb,to briefly talk about something,đề cập,She mentioned she was feeling tired.,Cô ấy đề cập rằng cô ấy cảm thấy mệt.,B1
participate,/pɑːˈtɪs.ɪ.peɪt/,verb,to take part in an activity,tham gia,Everyone is encouraged to participate.,Mọi người được khuyến khích tham gia.,B1
suitable,/ˈsuː.tɪ.bəl/,adjective,right or appropriate for a purpose,thích hợp,Is this book suitable for beginners?,Cuốn sách này có thích hợp cho người mới học không?,B1
volunteer,/ˌvɒl.ənˈtɪər/,noun,a person who does work without being paid,tình nguyện viên,She works as a volunteer at the hospital.,Cô ấy làm tình nguyện viên tại bệnh viện.,B1
ball,/bɔːl/,noun,a round object used in sports,quả bóng,Kick the ball into the goal.,Đá bóng vào khung thành.,A1
bear,/beər/,noun,a large heavy animal with thick fur,con gấu,The bear lives in the forest.,Con gấu sống trong rừng.,A1
bed,/bed/,noun,a piece of furniture used for sleeping,cái giường,Go to bed early tonight.,Đi ngủ sớm tối nay.,A1
bell,/bel/,noun,a metal object that makes a ringing sound,cái chuông,The school bell rings at noon.,Chuông trường reo lúc trưa.,A1
bird,/bɜːd/,noun,an animal with wings and feathers,con chim,A bird sang in the tree.,Một con chim hót trên cây.,A1
boat,/bəʊt/,noun,a small vehicle that travels on water,chiếc thuyền,They crossed the river by boat.,Họ vượt sông bằng thuyền.,A1
body,/ˈbɒd.i/,noun,the complete physical structure of a person,thân thể,Exercise keeps your body healthy.,Thể dục giữ thân thể bạn khỏe mạnh.,A1
boy,/bɔɪ/,noun,a male child,cậu bé,The boy plays football every day.,Cậu bé chơi bóng đá mỗi ngày.,A1
bridge,/brɪdʒ/,noun,a structure built over a river,cây cầu,Walk across the bridge carefully.,Đi qua cầu cẩn thận.,A1
cake,/keɪk/,noun,a sweet baked food,chiếc bánh,She made a birthday cake.,Cô ấy làm bánh sinh nhật.,A1
car,/kɑːr/,noun,a vehicle with four wheels and an engine,xe ô tô,He drives a red car.,Anh ấy lái xe ô tô màu đỏ.,A1
cow,/kaʊ/,noun,a large farm animal that gives milk,con bò,The cow grazes in the field.,Con bò gặm cỏ trên đồng.,A1
cup,/kʌp/,noun,a small container for hot drinks,cái tách,She drinks tea from a cup.,Cô ấy uống trà bằng tách.,A1
earth,/ɜːθ/,noun,the planet we live on,trái đất,The Earth moves around the sun.,Trái đất quay quanh mặt trời.,A1
fire,/faɪər/,noun,the heat and light produced by burning,lửa,Be careful with fire.,Hãy cẩn thận với lửa.,A1
fork,/fɔːk/,noun,a tool with prongs used for eating,cái nĩa,Use a fork to eat your salad.,Dùng nĩa để ăn salad.,A1
fruit,/fruːt/,noun,the edible sweet product of a plant,hoa quả,Eat plenty of fruit every day.,Ăn nhiều hoa quả mỗi ngày.,A1
game,/ɡeɪm/,noun,an activity with rules that people play,trò chơi,The children played a board game.,Bọn trẻ chơi trò chơi cờ.,A1
gold,/ɡəʊld/,noun,a precious yellow metal,vàng,She wears a gold necklace.,Cô ấy đeo dây chuyền vàng.,A1
grass,/ɡrɑːs/,noun,a plant covering fields and lawns,cỏ,The grass is green after the rain.,Cỏ xanh mướt sau cơn mưa.,A1
head,/hed/,noun,the part of the body above the neck,cái đầu,She nodded her head to say yes.,Cô ấy gật đầu để đồng ý.,A1
heart,/hɑːt/,noun,the organ that pumps blood around the body,trái tim,Exercise is good for the heart.,Tập thể dục tốt cho tim.,A1
hill,/hɪl/,noun,a raised area of land smaller than a mountain,ngọn đồi,They climbed the hill together.,Họ leo lên ngọn đồi cùng nhau.,A1
horse,/hɔːs/,noun,a large animal used for riding,con ngựa,She rides a horse every weekend.,Cô ấy cưỡi ngựa mỗi cuối tuần.,A1
knife,/naɪf/,noun,a tool with a sharp blade for cutting,con dao,Cut the bread with a knife.,Cắt bánh mì bằng dao.,A1
lake,/leɪk/,noun,a large area of water surrounded by land,hồ nước,We swam in the lake.,Chúng tôi bơi trong hồ.,A1
lamp,/læmp/,noun,a device that produces light,đèn,Turn on the lamp when it gets dark.,Bật đèn khi trời tối.,A1
leaf,/liːf/,noun,a flat green part of a plant,chiếc lá,A yellow leaf fell from the tree.,Một chiếc lá vàng rơi từ cây.,A1
lion,/ˈlaɪ.ən/,noun,a large wild cat with a mane,con sư tử,The lion is the king of the jungle.,Sư tử là vua của rừng.,A1
moon,/muːn/,noun,the natural satellite of the Earth,mặt trăng,The moon shines brightly at night.,Mặt trăng sáng vào ban đêm.,A1
mouse,/maʊs/,noun,a small animal with a long tail,con chuột,The cat chased the mouse.,Con mèo đuổi theo con chuột.,A1
nose,/nəʊz/,noun,the part of the face used for smelling,cái mũi,She has a small nose.,Cô ấy có cái mũi nhỏ.,A1
pencil,/ˈpen.sɪl/,noun,a writing tool made of wood with graphite,bút chì,She draws with a pencil.,Cô ấy vẽ bằng bút chì.,A1
pig,/pɪɡ/,noun,a farm animal kept for its meat,con lợn,The pig rolls in the mud.,Con lợn lăn trong bùn.,A1
plate,/pleɪt/,noun,a flat dish used for serving food,cái đĩa,Put the food on the plate.,Cho thức ăn lên đĩa.,A1
queen,/kwiːn/,noun,a woman who rules a country,nữ hoàng,The queen lives in the palace.,Nữ hoàng sống trong cung điện.,A1
rabbit,/ˈræb.ɪt/,noun,a small furry animal with long ears,con thỏ,The rabbit eats carrots.,Con thỏ ăn cà rốt.,A1
ring,/rɪŋ/,noun,a circular band worn on a finger,chiếc nhẫn,She wears a gold ring.,Cô ấy đeo nhẫn vàng.,A1
river,/ˈrɪv.ər/,noun,a large natural flow of water,con sông,The Mekong River is very long.,Sông Mê Kông rất dài.,A1
rock,/rɒk/,noun,a hard solid piece of mineral material,hòn đá,He threw a rock into the river.,Anh ấy ném hòn đá xuống sông.,A1
rose,/rəʊz/,noun,a flower with a sweet smell and thorns,hoa hồng,He gave her a red rose.,Anh ấy tặng cô ấy một bông hoa hồng đỏ.,A1
salt,/sɔːlt/,noun,a white substance used to flavour food,muối,Add some salt to the soup.,Thêm chút muối vào súp.,A1
sea,/siː/,noun,a large area of salty water,biển,They swam in the sea.,Họ bơi dưới biển.,A1
shirt,/ʃɜːt/,noun,a piece of clothing worn on the upper body,áo sơ mi,He wears a white shirt.,Anh ấy mặc áo sơ mi trắng.,A1
shoe,/ʃuː/,noun,a covering worn on the foot,chiếc giày,Put on your shoes before going out.,Đi giày trước khi ra ngoài.,A1
sky,/skaɪ/,noun,the space above the earth,bầu trời,The sky is clear and blue.,Bầu trời trong xanh.,A1
soup,/suːp/,noun,a liquid food made by boiling ingredients,súp,She made chicken soup.,Cô ấy làm súp gà.,A1
star,/stɑːr/,noun,a bright point of light visible in the night sky,ngôi sao,There are many stars in the sky.,Có nhiều ngôi sao trên bầu trời.,A1
stone,/stəʊn/,noun,a hard piece of rock,viên đá,He picked up a small stone.,Anh ấy nhặt một viên đá nhỏ.,A1
sugar,/ˈʃʊɡ.ər/,noun,a sweet substance used in food and drinks,đường,She adds sugar to her coffee.,Cô ấy thêm đường vào cà phê.,A1
accident,/ˈæk.sɪ.dənt/,noun,an unexpected event causing damage or injury,tai nạn,There was a car accident on the highway.,Có một vụ tai nạn xe hơi trên đường cao tốc.,A2
alone,/əˈləʊn/,adjective,without other people,một mình,She lives alone in the city.,Cô ấy sống một mình ở thành phố.,A2
autumn,/ˈɔː.təm/,noun,the season after summer,mùa thu,Leaves fall in autumn.,Lá rụng vào mùa thu.,A2
bicycle,/ˈbaɪ.sɪ.kəl/,noun,a vehicle with two wheels pedalled by the rider,xe đạp,She cycles to school by bicycle.,Cô ấy đạp xe đến trường.,A2
bored,/bɔːd/,adjective,feeling uninterested because nothing is happening,chán,He was bored during the long wait.,Anh ấy cảm thấy chán trong lúc chờ đợi lâu.,A2
bowl,/bəʊl/,noun,a round deep container used for food,cái bát,She ate a bowl of soup.,Cô ấy ăn một bát súp.,A2
careful,/ˈkeər.fəl/,adjective,taking care to avoid danger or mistakes,cẩn thận,Be careful when crossing the road.,Cẩn thận khi qua đường.,A2
catch,/kætʃ/,verb,to take hold of something moving through the air,bắt,He caught the ball with one hand.,Anh ấy bắt bóng bằng một tay.,A2
cheerful,/ˈtʃɪər.fəl/,adjective,noticeably happy and positive,vui vẻ,She is always cheerful at work.,Cô ấy luôn vui vẻ ở nơi làm việc.,A2
cinema,/ˈsɪn.ɪ.mə/,noun,a building where films are shown to the public,rạp chiếu phim,We went to the cinema last night.,Chúng tôi đi xem phim tối qua.,A2
corner,/ˈkɔː.nər/,noun,the point where two lines or walls meet,góc,Turn left at the corner.,Rẽ trái ở góc đường.,A2
deep,/diːp/,adjective,going far down from the surface,sâu,The lake is very deep.,Hồ này rất sâu.,A2
double,/ˈdʌb.əl/,adjective,twice the usual size or amount,gấp đôi,She ordered a double portion.,Cô ấy gọi khẩu phần gấp đôi.,A2
drop,/drɒp/,verb,to let something fall to the ground,thả rơi,She dropped her keys on the floor.,Cô ấy đánh rơi chìa khóa xuống sàn.,A2
dry,/draɪ/,adjective,having no moisture or wetness,khô,The clothes are dry now.,Quần áo đã khô rồi.,A2
exam,/ɪɡˈzæm/,noun,a formal test of knowledge or skills,kỳ thi,She studied hard for the exam.,Cô ấy học chăm chỉ cho kỳ thi.,A2
fence,/fens/,noun,a barrier made of wood or wire,hàng rào,The dog jumped over the fence.,Con chó nhảy qua hàng rào.,A2
festival,/ˈfes.tɪ.vəl/,noun,a special event or public celebration,lễ hội,The Tet festival is the most important in Vietnam.,Tết là lễ hội quan trọng nhất ở Việt Nam.,A2
flat,/flæt/,adjective,having a smooth surface with no raised parts,bằng phẳng,The road is flat and easy to cycle on.,Con đường bằng phẳng và dễ đạp xe.,A2
fond,/fɒnd/,adjective,having a liking or love for something,thích,She is fond of cooking.,Cô ấy thích nấu ăn.,A2
full,/fʊl/,adjective,containing as much as possible,đầy,The bottle is full of water.,Chai đầy nước.,A2
furniture,/ˈfɜː.nɪ.tʃər/,noun,movable objects such as tables chairs and sofas,đồ nội thất,They bought new furniture for their bedroom.,Họ mua đồ nội thất mới cho phòng ngủ.,A2
gift,/ɡɪft/,noun,something given to someone as a present,món quà,She received a gift for her birthday.,Cô ấy nhận được quà vào sinh nhật.,A2
gloves,/ɡlʌvz/,noun,coverings worn over the hands for warmth,đôi găng tay,Wear gloves in cold weather.,Đeo găng tay khi trời lạnh.,A2
guest,/ɡest/,noun,a person who is invited to visit or stay,khách mời,We had guests for dinner.,Chúng tôi có khách dùng bữa tối.,A2
gym,/dʒɪm/,noun,a room or building with exercise equipment,phòng tập,He goes to the gym three times a week.,Anh ấy đến phòng tập ba lần mỗi tuần.,A2
healthy,/ˈhel.θi/,adjective,having good physical health,khỏe mạnh,Eat well and stay healthy.,Ăn uống tốt và giữ gìn sức khỏe.,A2
heavy,/ˈhev.i/,adjective,having great weight,nặng,This box is too heavy to carry alone.,Cái hộp này quá nặng để mang một mình.,A2
homework,/ˈhəʊm.wɜːk/,noun,work that students do at home,bài tập về nhà,She always finishes her homework on time.,Cô ấy luôn hoàn thành bài tập đúng giờ.,A2
hurt,/hɜːt/,verb,to cause pain or injury,làm đau,She hurt her ankle while jogging.,Cô ấy bị đau mắt cá chân khi chạy bộ.,A2
instead,/ɪnˈsted/,adverb,in place of something else,thay vào đó,Have water instead of juice.,Uống nước thay vì nước ép.,A2
introduce,/ˌɪn.trəˈdjuːs/,verb,to present someone to others for the first time,giới thiệu,Let me introduce you to my friend.,Hãy để tôi giới thiệu bạn với bạn tôi.,A2
jealous,/ˈdʒel.əs/,adjective,unhappy because you want what someone else has,ghen tị,He was jealous of his brother's success.,Anh ấy ghen tị với thành công của anh trai.,A2
knock,/nɒk/,verb,to hit a door to attract attention,gõ cửa,Please knock before entering.,Vui lòng gõ cửa trước khi vào.,A2
library,/ˈlaɪ.brər.i/,noun,a place where books are kept for reading,thư viện,She borrowed a book from the library.,Cô ấy mượn sách từ thư viện.,A2
list,/lɪst/,noun,a number of items written one after another,danh sách,She made a shopping list.,Cô ấy lập danh sách mua sắm.,A2
lucky,/ˈlʌk.i/,adjective,having or resulting from good fortune,may mắn,She is lucky to have such a good job.,Cô ấy may mắn khi có công việc tốt.,A2
match,/mætʃ/,noun,a competition between two teams,trận đấu,We watched the football match on TV.,Chúng tôi xem trận đấu bóng đá trên TV.,A2
mix,/mɪks/,verb,to combine different things together,trộn,Mix the flour and eggs together.,Trộn bột mì và trứng lại với nhau.,A2
mountain,/ˈmaʊn.tɪn/,noun,a large natural elevation of earth,ngọn núi,They hiked up the mountain at sunrise.,Họ đi bộ lên núi lúc mặt trời mọc.,A2
noon,/nuːn/,noun,twelve o'clock in the middle of the day,buổi trưa,We meet at noon for lunch.,Chúng tôi gặp nhau lúc trưa để ăn cơm.,A2
painting,/ˈpeɪn.tɪŋ/,noun,a picture created with paint,bức tranh sơn,The painting on the wall is beautiful.,Bức tranh trên tường rất đẹp.,A2
passport,/ˈpɑːs.pɔːt/,noun,an official document for international travel,hộ chiếu,Don't forget to bring your passport.,Đừng quên mang hộ chiếu.,A2
polite,/pəˈlaɪt/,adjective,having good manners toward others,lịch sự,She is always polite to customers.,Cô ấy luôn lịch sự với khách hàng.,A2
popular,/ˈpɒp.jʊ.lər/,adjective,liked or enjoyed by many people,phổ biến,This song is very popular right now.,Bài hát này rất phổ biến lúc này.,A2
practice,/ˈpræk.tɪs/,verb,to do something repeatedly to improve your skill,luyện tập,Practice speaking English every day.,Luyện tập nói tiếng Anh mỗi ngày.,A2
protect,/prəˈtekt/,verb,to keep someone or something safe from harm,bảo vệ,Wear a helmet to protect your head.,Đội mũ bảo hiểm để bảo vệ đầu.,A2
proud,/praʊd/,adjective,feeling pleased about your achievements,tự hào,She was proud of her exam results.,Cô ấy tự hào về kết quả kỳ thi.,A2
public,/ˈpʌb.lɪk/,adjective,available for everyone to use or see,công cộng,The library is a public place.,Thư viện là nơi công cộng.,A2
pull,/pʊl/,verb,to move something toward yourself,kéo,Pull the door to open it.,Kéo cửa để mở.,A2
push,/pʊʃ/,verb,to press something away from you,đẩy,Push the button to start the machine.,Nhấn nút để khởi động máy.,A2
race,/reɪs/,noun,a competition to see who is fastest,cuộc đua,She won the swimming race.,Cô ấy thắng cuộc đua bơi.,A2
real,/rɪəl/,adjective,actually existing and not imaginary,thực sự,Is that a real diamond?,Đó có phải là kim cương thật không?,A2
relax,/rɪˈlæks/,verb,to become less tense or stressed,thư giãn,Sit down and relax after a long day.,Ngồi xuống và thư giãn sau một ngày dài.,A2
repair,/rɪˈpeər/,verb,to fix something that is broken,sửa chữa,He repaired the bicycle tire.,Anh ấy vá lốp xe đạp.,A2
ride,/raɪd/,verb,to sit on and control a bicycle or horse,cưỡi,She rides her bicycle to the market.,Cô ấy đạp xe đến chợ.,A2
roof,/ruːf/,noun,the outer top covering of a building,mái nhà,The roof needs to be repaired.,Mái nhà cần được sửa chữa.,A2
round,/raʊnd/,adjective,shaped like a circle or ball,tròn,The table has a round shape.,Cái bàn có hình tròn.,A2
score,/skɔːr/,noun,the number of points in a game or test,điểm số,What is the final score?,Điểm số cuối cùng là bao nhiêu?,A2
season,/ˈsiː.zən/,noun,one of the four periods of the year,mùa,My favourite season is spring.,Mùa yêu thích của tôi là mùa xuân.,A2
secret,/ˈsiː.krɪt/,noun,information kept hidden from others,bí mật,Can you keep a secret?,Bạn có thể giữ bí mật không?,A2
service,/ˈsɜː.vɪs/,noun,help provided to customers,dịch vụ,The hotel service is excellent.,Dịch vụ khách sạn rất xuất sắc.,A2
share,/ʃeər/,verb,to divide or give a part to others,chia sẻ,She shares her food with her friend.,Cô ấy chia sẻ thức ăn với bạn.,A2
shelf,/ʃelf/,noun,a flat surface fixed to a wall for storing things,giá kệ,The books are on the top shelf.,Sách ở trên kệ trên cùng.,A2
sign,/saɪn/,noun,a board with words or pictures giving information,biển hiệu,Follow the road signs carefully.,Tuân theo biển báo đường cẩn thận.,A2
simple,/ˈsɪm.pəl/,adjective,easy to do or understand,đơn giản,The instructions are simple to follow.,Hướng dẫn rất đơn giản để làm theo.,A2
slow,/sləʊ/,adjective,not fast in movement or action,chậm,The turtle is slow but steady.,Con rùa chậm nhưng vững chắc.,A2
sound,/saʊnd/,noun,something that you can hear,âm thanh,I heard a strange sound outside.,Tôi nghe thấy một âm thanh lạ bên ngoài.,A2
spring,/sprɪŋ/,noun,the season between winter and summer,mùa xuân,Flowers bloom in spring.,Hoa nở vào mùa xuân.,A2
succeed,/səkˈsiːd/,verb,to achieve what you are trying to do,thành công,Work hard and you will succeed.,Làm việc chăm chỉ và bạn sẽ thành công.,A2
suddenly,/ˈsʌd.ən.li/,adverb,happening quickly and unexpectedly,đột nhiên,Suddenly the lights went out.,Đột nhiên đèn tắt.,A2
sweet,/swiːt/,adjective,having a taste like sugar,ngọt,This mango is very sweet.,Quả xoài này rất ngọt.,A2
taxi,/ˈtæk.si/,noun,a car hired to take passengers to places,xe taxi,She took a taxi to the station.,Cô ấy đi taxi đến ga.,A2
throw,/θrəʊ/,verb,to send something through the air with your hand,ném,He threw the ball to his friend.,Anh ấy ném bóng cho bạn.,A2
today,/təˈdeɪ/,adverb,on this present day,hôm nay,What are you doing today?,Hôm nay bạn đang làm gì?,A2
tomorrow,/təˈmɒr.əʊ/,adverb,on the day after today,ngày mai,I will call you tomorrow.,Tôi sẽ gọi cho bạn vào ngày mai.,A2
top,/tɒp/,noun,the highest point of something,đỉnh,She reached the top of the mountain.,Cô ấy leo đến đỉnh núi.,A2
trouble,/ˈtrʌb.əl/,noun,a problem or difficulty,rắc rối,He got into trouble at school.,Anh ấy gặp rắc rối ở trường.,A2
truth,/truːθ/,noun,the real facts about something,sự thật,Always tell the truth.,Luôn nói sự thật.,A2
type,/taɪp/,noun,a group of things with similar characteristics,loại,What type of music do you like?,Bạn thích loại nhạc gì?,A2
ugly,/ˈʌɡ.li/,adjective,unpleasant to look at,xấu xí,The building looks ugly.,Tòa nhà trông xấu xí.,A2
useful,/ˈjuːs.fəl/,adjective,helping you to do things effectively,hữu ích,A dictionary is a useful tool.,Từ điển là một công cụ hữu ích.,A2
village,/ˈvɪl.ɪdʒ/,noun,a small community in the countryside,ngôi làng,She grew up in a small village.,Cô ấy lớn lên trong một ngôi làng nhỏ.,A2
wallet,/ˈwɒl.ɪt/,noun,a small flat case for carrying money and cards,ví,He left his wallet on the bus.,Anh ấy để quên ví trên xe buýt.,A2
weekend,/ˌwiːkˈend/,noun,Saturday and Sunday,cuối tuần,We relax at home on weekends.,Chúng tôi thư giãn ở nhà vào cuối tuần.,A2
wide,/waɪd/,adjective,measuring a large distance from side to side,rộng,The river is wide here.,Con sông rộng ở đây.,A2
wild,/waɪld/,adjective,living in nature and not tamed by humans,hoang dã,Wild animals live in the forest.,Động vật hoang dã sống trong rừng.,A2
wish,/wɪʃ/,verb,to want something that may be difficult to achieve,ước muốn,I wish I could travel the world.,Tôi ước mình có thể đi khắp thế giới.,A2
yard,/jɑːd/,noun,an outdoor area next to a house,sân,The children play in the yard.,Bọn trẻ chơi trong sân.,A2
account,/əˈkaʊnt/,noun,a record of financial transactions at a bank,tài khoản,She opened a new bank account.,Cô ấy mở một tài khoản ngân hàng mới.,B1
accurate,/ˈæk.jʊ.rɪt/,adjective,correct in all details,chính xác,The report must be accurate.,Báo cáo phải chính xác.,B1
actual,/ˈæk.tʃu.əl/,adjective,existing in reality,thực tế,What is the actual cost?,Chi phí thực tế là bao nhiêu?,B1
adapt,/əˈdæpt/,verb,to change to suit new conditions,thích nghi,She adapted quickly to the new environment.,Cô ấy thích nghi nhanh với môi trường mới.,B1
ambition,/æmˈbɪʃ.ən/,noun,a strong desire to achieve something,tham vọng,Her ambition is to become a doctor.,Tham vọng của cô ấy là trở thành bác sĩ.,B1
announce,/əˈnaʊns/,verb,to make something known publicly,thông báo,The teacher announced the exam date.,Giáo viên thông báo ngày thi.,B1
annual,/ˈæn.ju.əl/,adjective,happening once every year,hàng năm,The company holds an annual meeting.,Công ty tổ chức cuộc họp hàng năm.,B1
anxiety,/æŋˈzaɪ.ɪ.ti/,noun,a feeling of worry and nervousness,lo lắng,She felt anxiety before the interview.,Cô ấy cảm thấy lo lắng trước cuộc phỏng vấn.,B1
appreciate,/əˈpriː.ʃi.eɪt/,verb,to recognise the value or importance of something,đánh giá cao,I appreciate your help.,Tôi đánh giá cao sự giúp đỡ của bạn.,B1
assess,/əˈses/,verb,to evaluate the quality or importance of something,đánh giá,Teachers assess students through tests.,Giáo viên đánh giá học sinh qua bài kiểm tra.,B1
attract,/əˈtrækt/,verb,to cause someone to come or give attention,thu hút,The festival attracts thousands of visitors.,Lễ hội thu hút hàng ngàn du khách.,B1
basis,/ˈbeɪ.sɪs/,noun,the foundation or starting point for something,cơ sở,On the basis of evidence he was found guilty.,Dựa trên bằng chứng anh ấy bị kết tội.,B1
capable,/ˈkeɪ.pə.bəl/,adjective,having the ability or skill to do something,có khả năng,She is capable of solving difficult problems.,Cô ấy có khả năng giải quyết các vấn đề khó.,B1
category,/ˈkæt.ɪ.ɡər.i/,noun,a group of things with similar features,danh mục,This word falls into the adjective category.,Từ này thuộc danh mục tính từ.,B1
choice,/tʃɔɪs/,noun,the act of selecting between options,sự lựa chọn,You have a choice between two options.,Bạn có sự lựa chọn giữa hai lựa chọn.,B1
circumstance,/ˈsɜː.kəm.stæns/,noun,a condition that affects a situation,hoàn cảnh,Under the circumstances she did very well.,Trong hoàn cảnh đó cô ấy đã làm rất tốt.,B1
clearly,/ˈklɪər.li/,adverb,in a way that is easy to understand,rõ ràng,Please speak more clearly.,Vui lòng nói rõ ràng hơn.,B1
commit,/kəˈmɪt/,verb,to dedicate yourself fully to something,cam kết,She committed herself to learning English.,Cô ấy cam kết học tiếng Anh.,B1
common,/ˈkɒm.ən/,adjective,found often or in many places,phổ biến,English is a common second language.,Tiếng Anh là ngôn ngữ thứ hai phổ biến.,B1
concerned,/kənˈsɜːnd/,adjective,worried or anxious about something,lo lắng,She was concerned about her health.,Cô ấy lo lắng về sức khỏe của mình.,B1
conclusion,/kənˈkluː.ʒən/,noun,a decision made after thinking carefully,kết luận,What conclusion did you reach?,Bạn đã đưa ra kết luận gì?,B1
context,/ˈkɒn.tekst/,noun,the situation that something exists or happens in,bối cảnh,You need to understand the context.,Bạn cần hiểu bối cảnh.,B1
contribution,/ˌkɒn.trɪˈbjuː.ʃən/,noun,something given to help achieve a result,đóng góp,Her contribution to the project was valuable.,Đóng góp của cô ấy cho dự án rất có giá trị.,B1
convince,/kənˈvɪns/,verb,to make someone believe something is true,thuyết phục,She convinced me to try the new restaurant.,Cô ấy thuyết phục tôi thử nhà hàng mới.,B1
cope,/kəʊp/,verb,to deal successfully with a difficult situation,đối phó,She learned to cope with stress.,Cô ấy học cách đối phó với căng thẳng.,B1
critical,/ˈkrɪt.ɪ.kəl/,adjective,extremely important or serious,quan trọng,It is critical to check your work.,Việc kiểm tra lại bài rất quan trọng.,B1
cycle,/ˈsaɪ.kəl/,noun,a series of events that repeat in a regular order,chu kỳ,The water cycle is essential for life.,Chu kỳ nước rất cần thiết cho sự sống.,B1
decision,/dɪˈsɪʒ.ən/,noun,a choice made after thinking carefully,quyết định,She made a difficult decision.,Cô ấy đưa ra một quyết định khó khăn.,B1
decline,/dɪˈklaɪn/,verb,to become smaller weaker or worse,giảm sút,Her health declined rapidly.,Sức khỏe của cô ấy giảm sút nhanh chóng.,B1
define,/dɪˈfaɪn/,verb,to explain the meaning of a word or idea,định nghĩa,Define the word in your own words.,Hãy định nghĩa từ đó theo cách của bạn.,B1
definitely,/ˈdef.ɪ.nɪt.li/,adverb,without any doubt,chắc chắn,I will definitely come to your party.,Tôi chắc chắn sẽ đến bữa tiệc của bạn.,B1
demand,/dɪˈmɑːnd/,noun,a strong request or need for something,nhu cầu,There is a high demand for English teachers.,Nhu cầu về giáo viên tiếng Anh rất cao.,B1
demonstrate,/ˈdem.ən.streɪt/,verb,to show or prove something clearly,chứng minh,She demonstrated how to use the software.,Cô ấy trình bày cách sử dụng phần mềm.,B1
depend,/dɪˈpend/,verb,to need something or someone for support,phụ thuộc,Children depend on their parents.,Trẻ em phụ thuộc vào cha mẹ.,B1
determine,/dɪˈtɜː.mɪn/,verb,to decide or find out something,xác định,We need to determine the cause.,Chúng ta cần xác định nguyên nhân.,B1
digital,/ˈdɪdʒ.ɪ.tɪl/,adjective,relating to computer technology and the internet,kỹ thuật số,We live in a digital age.,Chúng ta đang sống trong thời đại kỹ thuật số.,B1
disadvantage,/ˌdɪs.ədˈvɑːn.tɪdʒ/,noun,a condition that causes difficulty,bất lợi,There are advantages and disadvantages.,Có những lợi thế và bất lợi.,B1
earn,/ɜːn/,verb,to receive money in return for work done,kiếm được,She earns a good salary.,Cô ấy kiếm được mức lương tốt.,B1
economy,/ɪˈkɒn.ə.mi/,noun,the system of trade and industry in a country,nền kinh tế,The economy grew by three percent.,Nền kinh tế tăng trưởng ba phần trăm.,B1
education,/ˌedʒ.uˈkeɪ.ʃən/,noun,the process of teaching and learning,giáo dục,Education is the key to success.,Giáo dục là chìa khóa của thành công.,B1
engage,/ɪnˈɡeɪdʒ/,verb,to take part in or attract interest,tham gia,She engages students with fun activities.,Cô ấy thu hút học sinh bằng các hoạt động thú vị.,B1
enormous,/ɪˈnɔː.məs/,adjective,very large in size or amount,khổng lồ,The task requires enormous effort.,Nhiệm vụ này đòi hỏi nỗ lực khổng lồ.,B1
ensure,/ɪnˈʃɔːr/,verb,to make certain that something happens,đảm bảo,Please ensure all doors are locked.,Vui lòng đảm bảo tất cả cửa đã khóa.,B1
entire,/ɪnˈtaɪər/,adjective,complete or whole,toàn bộ,She read the entire book in one day.,Cô ấy đọc toàn bộ cuốn sách trong một ngày.,B1
equal,/ˈiː.kwəl/,adjective,the same in size amount or value,bằng nhau,Everyone deserves equal opportunities.,Mọi người đều xứng đáng có cơ hội bình đẳng.,B1
evaluate,/ɪˈvæl.ju.eɪt/,verb,to judge the value or quality of something,đánh giá,They evaluated her performance.,Họ đánh giá hiệu suất của cô ấy.,B1
excellent,/ˈek.sə.lənt/,adjective,extremely good,xuất sắc,She did an excellent job.,Cô ấy đã làm một công việc xuất sắc.,B1
expand,/ɪkˈspænd/,verb,to increase in size or amount,mở rộng,The company plans to expand overseas.,Công ty có kế hoạch mở rộng ra nước ngoài.,B1
factor,/ˈfæk.tər/,noun,something that influences a result or situation,yếu tố,Price is an important factor.,Giá cả là một yếu tố quan trọng.,B1
finally,/ˈfaɪ.nə.li/,adverb,at the end after a long time,cuối cùng,Finally she passed the driving test.,Cuối cùng cô ấy đã đậu bằng lái xe.,B1
financial,/faɪˈnæn.ʃəl/,adjective,relating to money and finance,tài chính,She has financial difficulties.,Cô ấy gặp khó khăn tài chính.,B1
foundation,/faʊnˈdeɪ.ʃən/,noun,the basis on which something is built,nền tảng,A good education is a strong foundation.,Giáo dục tốt là nền tảng vững chắc.,B1
function,/ˈfʌŋk.ʃən/,noun,the purpose or role of something,chức năng,What is the function of this button?,Chức năng của nút này là gì?,B1
generation,/ˌdʒen.əˈreɪ.ʃən/,noun,all the people born around the same time,thế hệ,The younger generation loves technology.,Thế hệ trẻ yêu thích công nghệ.,B1
genuine,/ˈdʒen.ju.ɪn/,adjective,truly what it claims to be,thật sự,She showed genuine interest in learning.,Cô ấy thể hiện sự quan tâm thật sự đến việc học.,B1
growth,/ɡrəʊθ/,noun,the process of increasing in size or amount,sự tăng trưởng,The company reported strong growth.,Công ty báo cáo tăng trưởng mạnh.,B1
guide,/ɡaɪd/,verb,to show someone the way or how to do something,hướng dẫn,She guided the tourists around the city.,Cô ấy hướng dẫn du khách đi vòng quanh thành phố.,B1
habit,/ˈhæb.ɪt/,noun,something done regularly and automatically,thói quen,Reading is a good habit to develop.,Đọc sách là thói quen tốt cần phát triển.,B1
honest,/ˈɒn.ɪst/,adjective,always telling the truth,trung thực,She is honest and reliable.,Cô ấy trung thực và đáng tin cậy.,B1
ideal,/aɪˈdɪəl/,adjective,perfect or most suitable for a purpose,lý tưởng,This is the ideal time to study abroad.,Đây là thời điểm lý tưởng để du học.,B1
impact,/ˈɪm.pækt/,noun,a strong effect on something,tác động,Technology has a big impact on education.,Công nghệ có tác động lớn đến giáo dục.,B1
implement,/ˈɪm.plɪ.ment/,verb,to put a plan or decision into action,thực hiện,They implemented the new policy last month.,Họ thực hiện chính sách mới vào tháng trước.,B1
indicate,/ˈɪn.dɪ.keɪt/,verb,to show or point to something,chỉ ra,The data indicates a positive trend.,Dữ liệu chỉ ra một xu hướng tích cực.,B1
inspire,/ɪnˈspaɪər/,verb,to make someone want to do something great,truyền cảm hứng,Her speech inspired many students.,Bài phát biểu của cô ấy truyền cảm hứng cho nhiều học sinh.,B1
involve,/ɪnˈvɒlv/,verb,to include or affect someone in something,liên quan đến,The project involves many people.,Dự án liên quan đến nhiều người.,B1
lack,/læk/,verb,to not have enough of something,thiếu,She lacks confidence in speaking.,Cô ấy thiếu tự tin khi nói chuyện.,B1
maintain,/meɪnˈteɪn/,verb,to keep something in good condition,duy trì,It is important to maintain good habits.,Điều quan trọng là duy trì thói quen tốt.,B1
mental,/ˈmen.tɪl/,adjective,relating to the mind or thinking,tinh thần,Mental health is as important as physical health.,Sức khỏe tinh thần quan trọng như sức khỏe thể chất.,B1
motivate,/ˈməʊ.tɪ.veɪt/,verb,to give someone a reason to do something,tạo động lực,She motivates her students to work hard.,Cô ấy tạo động lực cho học sinh làm việc chăm chỉ.,B1
outcome,/ˈaʊt.kʌm/,noun,the result or effect of an action,kết quả,The outcome of the meeting was positive.,Kết quả của cuộc họp rất tích cực.,B1
overcome,/ˌəʊ.vəˈkʌm/,verb,to successfully deal with a problem,vượt qua,She overcame her fear of speaking in public.,Cô ấy vượt qua nỗi sợ phát biểu trước đám đông.,B1
pattern,/ˈpæt.ən/,noun,a regular arrangement or repeating design,mô hình,She noticed a pattern in the data.,Cô ấy nhận thấy một mô hình trong dữ liệu.,B1
perspective,/pəˈspek.tɪv/,noun,a particular way of thinking about something,quan điểm,From my perspective this is a great idea.,Theo quan điểm của tôi đây là ý tưởng hay.,B1
physical,/ˈfɪz.ɪ.kəl/,adjective,relating to the body rather than the mind,thể chất,Regular physical activity is good for health.,Hoạt động thể chất thường xuyên tốt cho sức khỏe.,B1
potential,/pəˈten.ʃəl/,noun,qualities that may develop in the future,tiềm năng,She has great potential as a leader.,Cô ấy có tiềm năng lớn như một nhà lãnh đạo.,B1
previous,/ˈpriː.vi.əs/,adjective,existing or happening before the present time,trước đây,She worked at her previous company for five years.,Cô ấy làm việc tại công ty trước đó năm năm.,B1
produce,/prəˈdjuːs/,verb,to make or create something,sản xuất,This factory produces cars.,Nhà máy này sản xuất xe ô tô.,B1
promote,/prəˈməʊt/,verb,to help something develop or succeed,thúc đẩy,We should promote healthy lifestyles.,Chúng ta nên thúc đẩy lối sống lành mạnh.,B1
proposal,/prəˈpəʊ.zəl/,noun,a plan or suggestion put forward,đề xuất,She submitted a proposal to the manager.,Cô ấy nộp đề xuất cho quản lý.,B1
prove,/pruːv/,verb,to show that something is true,chứng minh,She proved that she could do the job.,Cô ấy chứng minh rằng mình có thể làm công việc đó.,B1
publish,/ˈpʌb.lɪʃ/,verb,to produce a book or article for people to read,xuất bản,She published her first novel last year.,Cô ấy xuất bản cuốn tiểu thuyết đầu tiên vào năm ngoái.,B1
reasonable,/ˈriː.zə.nə.bəl/,adjective,fair and sensible,hợp lý,That is a reasonable request.,Đó là một yêu cầu hợp lý.,B1
recognize,/ˈrek.əɡ.naɪz/,verb,to identify someone or something from before,nhận ra,I recognised him from the photo.,Tôi nhận ra anh ấy từ bức ảnh.,B1
relevant,/ˈrel.ɪ.vənt/,adjective,directly related to the subject,liên quan,Give only relevant information.,Chỉ cung cấp thông tin liên quan.,B1
reliable,/rɪˈlaɪ.ə.bəl/,adjective,able to be trusted or depended on,đáng tin cậy,She is a reliable and hardworking employee.,Cô ấy là nhân viên đáng tin cậy và chăm chỉ.,B1
resolve,/rɪˈzɒlv/,verb,to find a solution to a problem,giải quyết,They resolved the issue quickly.,Họ giải quyết vấn đề nhanh chóng.,B1
reveal,/rɪˈviːl/,verb,to make something known that was hidden,tiết lộ,The report revealed some surprising facts.,Báo cáo tiết lộ một số sự thật ngạc nhiên.,B1
role,/rəʊl/,noun,the purpose or function of someone in a situation,vai trò,She plays an important role in the team.,Cô ấy đóng vai trò quan trọng trong nhóm.,B1
significant,/sɪɡˈnɪf.ɪ.kənt/,adjective,important or large enough to have an effect,đáng kể,There has been a significant improvement.,Đã có sự cải thiện đáng kể.,B1
solution,/səˈluː.ʃən/,noun,a way of solving a problem,giải pháp,We found a solution to the problem.,Chúng tôi tìm ra giải pháp cho vấn đề.,B1
statement,/ˈsteɪt.mənt/,noun,a formal declaration of something,tuyên bố,She made a statement to the press.,Cô ấy đưa ra tuyên bố cho báo chí.,B1
strategy,/ˈstræt.ɪ.dʒi/,noun,a plan designed to achieve a goal,chiến lược,She developed a strategy to improve sales.,Cô ấy phát triển chiến lược để cải thiện doanh số.,B1
structure,/ˈstrʌk.tʃər/,noun,the way parts are arranged or organised,cấu trúc,The sentence structure is correct.,Cấu trúc câu đúng.,B1
task,/tɑːsk/,noun,a piece of work that needs to be done,nhiệm vụ,Complete this task by Friday.,Hoàn thành nhiệm vụ này trước thứ Sáu.,B1
topic,/ˈtɒp.ɪk/,noun,the subject of a discussion or piece of writing,chủ đề,The topic of today's lesson is grammar.,Chủ đề bài học hôm nay là ngữ pháp.,B1
transfer,/ˈtræns.fɜːr/,verb,to move something from one place to another,chuyển,She transferred money to her account.,Cô ấy chuyển tiền vào tài khoản của mình.,B1
transform,/trænsˈfɔːm/,verb,to change something completely,biến đổi,Exercise can transform your health.,Tập thể dục có thể biến đổi sức khỏe của bạn.,B1
trend,/trend/,noun,a general direction in which something changes,xu hướng,Working from home is a growing trend.,Làm việc tại nhà là xu hướng ngày càng phát triển.,B1
unexpected,/ˌʌn.ɪkˈspek.tɪd/,adjective,not expected to happen,bất ngờ,The news was unexpected.,Tin tức thật bất ngờ.,B1
valuable,/ˈvæl.jʊ.bəl/,adjective,worth a lot of money or very useful,có giá trị,This is a valuable lesson.,Đây là một bài học có giá trị.,B1
various,/ˈveər.i.əs/,adjective,having a number of different types,khác nhau,She has worked in various fields.,Cô ấy đã làm việc trong nhiều lĩnh vực khác nhau.,B1
version,/ˈvɜː.ʃən/,noun,a particular form of something,phiên bản,Download the latest version of the app.,Tải phiên bản mới nhất của ứng dụng.,B1
vision,/ˈvɪʒ.ən/,noun,the ability to see or a plan for the future,tầm nhìn,She has a clear vision for the company.,Cô ấy có tầm nhìn rõ ràng cho công ty.,B1
widespread,/ˈwaɪd.spred/,adjective,affecting many people or places,rộng rãi,The use of smartphones is widespread.,Việc sử dụng điện thoại thông minh rất rộng rãi.,B1
abstract,/ˈæb.strækt/,adjective,based on ideas rather than concrete objects,trừu tượng,Mathematics can seem abstract to beginners.,Toán học có vẻ trừu tượng với người mới bắt đầu.,B2
advocate,/ˈæd.və.keɪt/,verb,to publicly support a cause or policy,ủng hộ,She advocates for environmental protection.,Cô ấy ủng hộ bảo vệ môi trường.,B2
allocate,/ˈæl.ə.keɪt/,verb,to give resources or duties to a particular purpose,phân bổ,The government allocated funds to education.,Chính phủ phân bổ kinh phí cho giáo dục.,B2
ambitious,/æmˈbɪʃ.əs/,adjective,having a strong desire to succeed,đầy tham vọng,She is ambitious and works very hard.,Cô ấy đầy tham vọng và làm việc rất chăm chỉ.,B2
apparent,/əˈpær.ənt/,adjective,clearly visible or obvious,rõ ràng,It is apparent that she is very talented.,Rõ ràng là cô ấy rất tài năng.,B2
assert,/əˈsɜːt/,verb,to state something confidently and strongly,khẳng định,She asserted that she was innocent.,Cô ấy khẳng định rằng mình vô tội.,B2
assumption,/əˈsʌmp.ʃən/,noun,something believed to be true without proof,giả định,We should not make assumptions.,Chúng ta không nên đưa ra giả định.,B2
coherent,/kəʊˈhɪər.ənt/,adjective,logical and consistent throughout,nhất quán,Her argument was clear and coherent.,Lập luận của cô ấy rõ ràng và nhất quán.,B2
collaborate,/kəˈlæb.ər.eɪt/,verb,to work together with others on a project,cộng tác,The two teams collaborated on the research.,Hai nhóm cộng tác nghiên cứu cùng nhau.,B2
compensate,/ˈkɒm.pən.seɪt/,verb,to give something to balance a loss,bù đắp,The company compensated workers for overtime.,Công ty bù đắp cho công nhân làm thêm giờ.,B2
comprehensive,/ˌkɒm.prɪˈhen.sɪv/,adjective,covering everything completely,toàn diện,She wrote a comprehensive report.,Cô ấy viết một báo cáo toàn diện.,B2
concept,/ˈkɒn.sept/,noun,an abstract idea or principle,khái niệm,The concept of justice is complex.,Khái niệm về công lý rất phức tạp.,B2
conflict,/ˈkɒn.flɪkt/,noun,a serious disagreement or argument,xung đột,They tried to resolve the conflict peacefully.,Họ cố gắng giải quyết xung đột một cách hòa bình.,B2
consequence,/ˈkɒn.sɪ.kwəns/,noun,a result or effect of an action,hậu quả,Think about the consequences of your actions.,Hãy suy nghĩ về hậu quả của hành động của bạn.,B2
controversial,/ˌkɒn.trəˈvɜː.ʃəl/,adjective,causing strong disagreement or debate,gây tranh cãi,The new law is controversial.,Luật mới gây tranh cãi.,B2
coordinate,/kəʊˈɔː.dɪ.neɪt/,verb,to organise activities so they work together,phối hợp,She coordinates the team's activities.,Cô ấy phối hợp các hoạt động của nhóm.,B2
core,/kɔːr/,noun,the most important or central part,cốt lõi,Critical thinking is a core skill.,Tư duy phản biện là kỹ năng cốt lõi.,B2
credible,/ˈkred.ɪ.bəl/,adjective,able to be trusted or believed,đáng tin,She is a credible source of information.,Cô ấy là nguồn thông tin đáng tin cậy.,B2
criteria,/kraɪˈtɪər.i.ə/,noun,standards used for judging or deciding,tiêu chí,What are the criteria for selection?,Các tiêu chí lựa chọn là gì?,B2
crucial,/ˈkruː.ʃəl/,adjective,extremely important for success,thiết yếu,It is crucial to practice every day.,Việc luyện tập mỗi ngày là thiết yếu.,B2
dedicate,/ˈded.ɪ.keɪt/,verb,to give time or effort to a purpose,cống hiến,She dedicated her career to helping others.,Cô ấy cống hiến sự nghiệp để giúp đỡ người khác.,B2
derive,/dɪˈraɪv/,verb,to get or develop something from a source,xuất phát từ,The word derives from Latin.,Từ này xuất phát từ tiếng Latinh.,B2
device,/dɪˈvaɪs/,noun,a piece of equipment made for a purpose,thiết bị,She uses a device to monitor her health.,Cô ấy dùng thiết bị để theo dõi sức khỏe.,B2
distinguish,/dɪˈstɪŋ.ɡwɪʃ/,verb,to recognise the difference between things,phân biệt,Can you distinguish between the two sounds?,Bạn có thể phân biệt hai âm thanh đó không?,B2
diverse,/daɪˈvɜːs/,adjective,showing a great deal of variety,đa dạng,The city has a diverse population.,Thành phố có dân số đa dạng.,B2
dominant,/ˈdɒm.ɪ.nənt/,adjective,most important powerful or influential,thống trị,English is the dominant language in business.,Tiếng Anh là ngôn ngữ thống trị trong kinh doanh.,B2
elaborate,/ɪˈlæb.ər.ɪt/,adjective,containing many carefully arranged details,chi tiết,She gave an elaborate explanation.,Cô ấy đưa ra một giải thích chi tiết.,B2
eliminate,/ɪˈlɪm.ɪ.neɪt/,verb,to completely remove or get rid of,loại bỏ,We need to eliminate unnecessary steps.,Chúng ta cần loại bỏ các bước không cần thiết.,B2
emerge,/ɪˈmɜːdʒ/,verb,to appear or become known,xuất hiện,A new leader emerged from the group.,Một nhà lãnh đạo mới xuất hiện từ nhóm.,B2
enforce,/ɪnˈfɔːs/,verb,to make sure rules or laws are obeyed,thực thi,The police enforce traffic laws.,Cảnh sát thực thi luật giao thông.,B2
ethical,/ˈeθ.ɪ.kəl/,adjective,relating to beliefs about right and wrong,đạo đức,The company follows ethical business practices.,Công ty tuân theo các thực hành kinh doanh đạo đức.,B2
evolve,/ɪˈvɒlv/,verb,to develop gradually over time,tiến hóa,Language evolves over centuries.,Ngôn ngữ tiến hóa qua nhiều thế kỷ.,B2
explicit,/ɪkˈsplɪs.ɪt/,adjective,stated clearly and in detail,rõ ràng cụ thể,Please give explicit instructions.,Vui lòng đưa ra hướng dẫn rõ ràng cụ thể.,B2
facilitate,/fəˈsɪl.ɪ.teɪt/,verb,to make a process easier,tạo điều kiện,Good communication facilitates teamwork.,Giao tiếp tốt tạo điều kiện cho làm việc nhóm.,B2
framework,/ˈfreɪm.wɜːk/,noun,a system of rules or ideas that form a structure,khung,They developed a framework for the project.,Họ phát triển một khung cho dự án.,B2
fundamental,/ˌfʌn.dəˈmen.tɪl/,adjective,forming the most basic or essential part,cơ bản,Trust is fundamental to any relationship.,Sự tin tưởng là điều cơ bản trong mọi mối quan hệ.,B2
generate,/ˈdʒen.ər.eɪt/,verb,to produce or create something,tạo ra,This project will generate new jobs.,Dự án này sẽ tạo ra việc làm mới.,B2
hypothesis,/haɪˈpɒθ.ɪ.sɪs/,noun,an idea used as a starting point for research,giả thuyết,The scientist tested her hypothesis.,Nhà khoa học kiểm tra giả thuyết của mình.,B2
implication,/ˌɪm.plɪˈkeɪ.ʃən/,noun,a possible consequence or meaning,hàm ý,What are the implications of this decision?,Những hàm ý của quyết định này là gì?,B2
inevitable,/ɪˈnev.ɪ.tə.bəl/,adjective,certain to happen and unable to be avoided,không thể tránh khỏi,Change is inevitable in life.,Thay đổi là không thể tránh khỏi trong cuộc sống.,B2
inherent,/ɪnˈhɪər.ənt/,adjective,existing as a natural and permanent part,vốn có,There are inherent risks in every business.,Có những rủi ro vốn có trong mọi doanh nghiệp.,B2
innovative,/ˈɪn.ə.veɪ.tɪv/,adjective,using new methods or ideas,đổi mới sáng tạo,They introduced an innovative approach.,Họ giới thiệu một cách tiếp cận đổi mới sáng tạo.,B2
insight,/ˈɪn.saɪt/,noun,a deep and accurate understanding,sự hiểu biết sâu sắc,She shared useful insights from her experience.,Cô ấy chia sẻ những hiểu biết hữu ích từ kinh nghiệm.,B2
institution,/ˌɪn.stɪˈtjuː.ʃən/,noun,an established organisation or building,tổ chức,A university is an educational institution.,Trường đại học là một tổ chức giáo dục.,B2
interpret,/ɪnˈtɜː.prɪt/,verb,to understand something in a particular way,diễn giải,She interpreted the poem differently.,Cô ấy diễn giải bài thơ theo cách khác.,B2
justify,/ˈdʒʌs.tɪ.faɪ/,verb,to give a good reason for doing something,biện minh,Can you justify your decision?,Bạn có thể biện minh cho quyết định của mình không?,B2
legislation,/ˌledʒ.ɪˈsleɪ.ʃən/,noun,laws that have been passed by a government,luật pháp,New legislation protects workers' rights.,Luật pháp mới bảo vệ quyền của người lao động.,B2
logical,/ˈlɒdʒ.ɪ.kəl/,adjective,using clear and sensible reasoning,hợp lý / logic,Her explanation was very logical.,Giải thích của cô ấy rất logic.,B2
mechanism,/ˈmek.ə.nɪ.z ə m/,noun,a system or process that achieves a result,cơ chế,What is the mechanism behind this process?,Cơ chế đằng sau quá trình này là gì?,B2
moderate,/ˈmɒd.ər.ɪt/,adjective,not extreme or excessive,vừa phải,Exercise at a moderate pace.,Tập thể dục với nhịp độ vừa phải.,B2
mutual,/ˈmjuː.tʃu.əl/,adjective,shared by or affecting both parties,lẫn nhau,They have mutual respect for each other.,Họ tôn trọng lẫn nhau.,B2
notion,/ˈnəʊ.ʃən/,noun,a belief or idea about something,khái niệm / quan niệm,She challenged the notion that change is bad.,Cô ấy thách thức quan niệm rằng thay đổi là xấu.,B2
objective,/əbˈdʒek.tɪv/,noun,a goal you are trying to achieve,mục tiêu,What is the main objective of this plan?,Mục tiêu chính của kế hoạch này là gì?,B2
overwhelm,/ˌəʊ.vəˈwelm/,verb,to have too strong an effect on someone,áp đảo,She felt overwhelmed by the amount of work.,Cô ấy cảm thấy áp đảo bởi lượng công việc.,B2
perceive,/pəˈsiːv/,verb,to become aware of something through the senses,nhận thức,How do you perceive this situation?,Bạn nhận thức tình huống này như thế nào?,B2
persist,/pəˈsɪst/,verb,to continue doing something despite difficulties,kiên trì,She persisted despite many obstacles.,Cô ấy kiên trì dù gặp nhiều trở ngại.,B2
phenomenon,/fɪˈnɒm.ɪ.nən/,noun,a fact or event in nature or society,hiện tượng,Climate change is a global phenomenon.,Biến đổi khí hậu là một hiện tượng toàn cầu.,B2
pragmatic,/præɡˈmæt.ɪk/,adjective,dealing with things in a practical way,thực dụng,She takes a pragmatic approach to problems.,Cô ấy tiếp cận vấn đề theo hướng thực dụng.,B2
precedent,/ˈpres.ɪ.dənt/,noun,an earlier event used as an example,tiền lệ,This case sets a legal precedent.,Vụ án này tạo ra một tiền lệ pháp lý.,B2
preliminary,/prɪˈlɪm.ɪ.nər.i/,adjective,coming before the main part,sơ bộ,We conducted preliminary research.,Chúng tôi thực hiện nghiên cứu sơ bộ.,B2
presumably,/prɪˈzjuː.mə.bli/,adverb,used to say something is likely true,có lẽ,Presumably she already knows the answer.,Có lẽ cô ấy đã biết câu trả lời.,B2
priority,/praɪˈɒr.ɪ.ti/,noun,something considered more important than others,ưu tiên,Health should be your top priority.,Sức khỏe nên là ưu tiên hàng đầu của bạn.,B2
rational,/ˈræʃ.ən.əl/,adjective,based on clear thinking and reason,lý trí,Try to make rational decisions.,Cố gắng đưa ra quyết định lý trí.,B2
reinforce,/ˌriː.ɪnˈfɔːs/,verb,to strengthen or support something,củng cố,Practice reinforces what you have learned.,Luyện tập củng cố những gì bạn đã học.,B2
restrict,/rɪˈstrɪkt/,verb,to limit or control something,hạn chế,Access to the building is restricted.,Việc vào tòa nhà bị hạn chế.,B2
retain,/rɪˈteɪn/,verb,to keep or continue to have something,giữ lại,She retained all the information she learned.,Cô ấy giữ lại tất cả thông tin đã học.,B2
subtle,/ˈsʌt.əl/,adjective,small but important and not always noticed,tinh tế,There is a subtle difference between the two.,Có sự khác biệt tinh tế giữa hai cái.,B2
sufficient,/səˈfɪʃ.ənt/,adjective,enough for a particular purpose,đủ,Is this sufficient evidence?,Đây có phải là bằng chứng đủ không?,B2
sustainable,/səˈsteɪ.nə.bəl/,adjective,able to be maintained over a long period,bền vững,We need sustainable development.,Chúng ta cần sự phát triển bền vững.,B2
systematic,/ˌsɪs.təˈmæt.ɪk/,adjective,done according to a plan in an organised way,có hệ thống,She took a systematic approach to studying.,Cô ấy học tập theo cách có hệ thống.,B2
theoretical,/ˌθɪə.rɪˈet.ɪ.kəl/,adjective,based on theory rather than practice,lý thuyết,This is a theoretical framework.,Đây là một khung lý thuyết.,B2
underlying,/ˌʌn.dəˈlaɪ.ɪŋ/,adjective,existing as the real cause or basis,tiềm ẩn,What is the underlying cause of the problem?,Nguyên nhân tiềm ẩn của vấn đề là gì?,B2
validity,/vəˈlɪd.ɪ.ti/,noun,the quality of being based on truth,tính hợp lệ,Scientists questioned the validity of the study.,Các nhà khoa học đặt câu hỏi về tính hợp lệ của nghiên cứu.,B2
virtually,/ˈvɜː.tʃu.ə.li/,adverb,almost but not exactly,hầu như,Virtually everyone uses a smartphone today.,Hầu như ai cũng dùng điện thoại thông minh ngày nay.,B2
yield,/jiːld/,verb,to produce or provide a result,mang lại,Hard work will yield positive results.,Làm việc chăm chỉ sẽ mang lại kết quả tích cực.,B2
accumulate,/əˈkjuː.mjʊ.leɪt/,verb,to gradually gather or increase over time,tích lũy,She accumulated valuable experience over the years.,Cô ấy tích lũy kinh nghiệm quý báu qua nhiều năm.,B2
acknowledge,/əkˈnɒl.ɪdʒ/,verb,to accept or admit that something is true,thừa nhận,He acknowledged his mistake.,Anh ấy thừa nhận lỗi lầm của mình.,B2
anticipate,/ænˈtɪs.ɪ.peɪt/,verb,to expect something and prepare for it,dự đoán,We should anticipate potential problems.,Chúng ta nên dự đoán các vấn đề tiềm năng.,B2
arbitrary,/ˈɑː.bɪ.trər.i/,adjective,not based on any plan or system,tùy tiện,The decision seemed arbitrary.,Quyết định có vẻ tùy tiện.,B2
attribute,/əˈtrɪb.juːt/,verb,to say something was caused by something else,quy cho,She attributed her success to hard work.,Cô ấy quy thành công của mình cho sự chăm chỉ.,B2
clarify,/ˈklær.ɪ.faɪ/,verb,to make something easier to understand,làm rõ,Please clarify what you mean.,Vui lòng làm rõ ý của bạn.,B2
conform,/kənˈfɔːm/,verb,to obey rules or follow expected behaviour,tuân thủ,Students must conform to school rules.,Học sinh phải tuân thủ nội quy trường.,B2
constraint,/kənˈstreɪnt/,noun,a limitation or restriction on something,ràng buộc,There are financial constraints on the project.,Có những ràng buộc tài chính đối với dự án.,B2
contemporary,/kənˈtem.pər.ər.i/,adjective,existing or happening now,đương đại,She studies contemporary literature.,Cô ấy nghiên cứu văn học đương đại.,B2
depict,/dɪˈpɪkt/,verb,to show or describe something in a picture or words,mô tả,The painting depicts a rural landscape.,Bức tranh mô tả một cảnh nông thôn.,B2
dynamic,/daɪˈnæm.ɪk/,adjective,characterised by constant change and activity,năng động,She is a dynamic and energetic leader.,Cô ấy là một nhà lãnh đạo năng động và đầy năng lượng.,B2
enhance,/ɪnˈhɑːns/,verb,to improve the quality of something,nâng cao,Reading enhances your vocabulary.,Đọc sách nâng cao vốn từ vựng của bạn.,B2
execute,/ˈek.sɪ.kjuːt/,verb,to carry out or complete a plan,thực thi,She executed the plan perfectly.,Cô ấy thực thi kế hoạch một cách hoàn hảo.,B2
exploit,/ɪkˈsplɔɪt/,verb,to make full use of a resource,khai thác,They exploit renewable energy sources.,Họ khai thác các nguồn năng lượng tái tạo.,B2
fluctuate,/ˈflʌk.tʃu.eɪt/,verb,to change frequently between levels,dao động,Prices fluctuate with the market.,Giá cả dao động theo thị trường.,B2
formulate,/ˈfɔː.mjʊ.leɪt/,verb,to create or prepare something carefully,xây dựng,She formulated a new plan.,Cô ấy xây dựng một kế hoạch mới.,B2
ideology,/ˌaɪ.diˈɒl.ə.dʒi/,noun,a set of beliefs that guides a group or person,hệ tư tưởng,Political ideology influences policy decisions.,Hệ tư tưởng chính trị ảnh hưởng đến các quyết định chính sách.,B2
implicit,/ɪmˈplɪs.ɪt/,adjective,suggested but not directly expressed,ngụ ý,There was implicit criticism in her words.,Có sự phê bình ngụ ý trong lời nói của cô ấy.,B2
infrastructure,/ˈɪn.frə.strʌk.tʃər/,noun,the basic physical systems of a country,cơ sở hạ tầng,The country needs better infrastructure.,Đất nước cần cơ sở hạ tầng tốt hơn.,B2
initiative,/ɪˈnɪʃ.ə.tɪv/,noun,a new plan intended to solve a problem,sáng kiến,The government launched a new initiative.,Chính phủ đưa ra một sáng kiến mới.,B2
integrate,/ˈɪn.tɪ.ɡreɪt/,verb,to combine parts into a whole,tích hợp,She integrated new ideas into her teaching.,Cô ấy tích hợp các ý tưởng mới vào giảng dạy.,B2
interim,/ˈɪn.tər.ɪm/,adjective,intended to last only until something permanent is done,tạm thời,He served as interim manager.,Anh ấy làm quản lý tạm thời.,B2
manifest,/ˈmæn.ɪ.fest/,verb,to show something clearly,biểu hiện,Her talent manifested at an early age.,Tài năng của cô ấy biểu hiện từ rất sớm.,B2
methodology,/ˌmeθ.əˈdɒl.ə.dʒi/,noun,a set of methods used for a task,phương pháp luận,The research methodology was rigorous.,Phương pháp luận nghiên cứu rất chặt chẽ.,B2
mitigate,/ˈmɪt.ɪ.ɡeɪt/,verb,to reduce the severity of something,giảm thiểu,We must mitigate the risks.,Chúng ta phải giảm thiểu các rủi ro.,B2
nuance,/ˈnjuː.ɑːns/,noun,a subtle difference in meaning or expression,sắc thái,Understanding nuance is important in language.,Hiểu sắc thái là quan trọng trong ngôn ngữ.,B2
objective,/əbˈdʒek.tɪv/,adjective,not influenced by personal feelings,khách quan,Try to be objective in your judgment.,Hãy cố gắng khách quan trong đánh giá của bạn.,B2
paramount,/ˈpær.ə.maʊnt/,adjective,more important than anything else,tối quan trọng,Safety is paramount in this job.,An toàn là điều tối quan trọng trong công việc này.,B2
perceive,/pəˈsiːv/,verb,to understand or think of something in a way,nhận thức,How others perceive you matters.,Cách người khác nhận thức về bạn quan trọng.,B2
portfolio,/pɔːtˈfəʊ.li.əʊ/,noun,a collection of work showing someone's skills,hồ sơ năng lực,She prepared a portfolio for the interview.,Cô ấy chuẩn bị hồ sơ năng lực cho buổi phỏng vấn.,B2
profound,/prəˈfaʊnd/,adjective,very great or intense,sâu sắc,The experience had a profound effect on her.,Trải nghiệm đó có tác động sâu sắc đến cô ấy.,B2
redundant,/rɪˈdʌn.dənt/,adjective,no longer needed or useful,dư thừa,This step is redundant and can be removed.,Bước này dư thừa và có thể loại bỏ.,B2
rhetoric,/ˈret.ər.ɪk/,noun,persuasive language used in speech,tu từ,Politicians often use powerful rhetoric.,Các chính trị gia thường dùng tu từ mạnh mẽ.,B2
rigorous,/ˈrɪɡ.ər.əs/,adjective,extremely thorough and careful,chặt chẽ,The research requires rigorous testing.,Nghiên cứu yêu cầu kiểm tra chặt chẽ.,B2
scrutiny,/ˈskruː.tɪ.ni/,noun,careful and detailed examination,sự xem xét kỹ càng,The plan was under close scrutiny.,Kế hoạch chịu sự xem xét kỹ càng.,B2
speculate,/ˈspek.jʊ.leɪt/,verb,to form opinions without firm evidence,suy đoán,She speculated about the future.,Cô ấy suy đoán về tương lai.,B2
straightforward,/ˌstreɪtˈfɔː.wəd/,adjective,easy to understand and not complicated,đơn giản,The instructions are straightforward.,Hướng dẫn rất đơn giản.,B2
subordinate,/səˈbɔː.dɪ.nɪt/,adjective,less important than something else,thứ yếu,This clause is subordinate to the main one.,Mệnh đề này thứ yếu so với mệnh đề chính.,B2
supplement,/ˈsʌp.lɪ.mənt/,verb,to add something to improve or complete it,bổ sung,She supplements her diet with vitamins.,Cô ấy bổ sung chế độ ăn bằng vitamin.,B2
tentative,/ˈten.tə.tɪv/,adjective,not certain or definite,tạm thời / dè dặt,We have a tentative plan for the meeting.,Chúng tôi có một kế hoạch tạm thời cho cuộc họp.,B2
threshold,/ˈθreʃ.həʊld/,noun,the level at which something begins to happen,ngưỡng,She crossed the threshold of the building.,Cô ấy vượt qua ngưỡng cửa của tòa nhà.,B2
transition,/trænˈzɪʃ.ən/,noun,a change from one state to another,sự chuyển tiếp,The transition to a new system takes time.,Sự chuyển tiếp sang hệ thống mới cần thời gian.,B2
transparent,/trænsˈpær.ənt/,adjective,open and easy to understand,minh bạch,The company is transparent about its finances.,Công ty minh bạch về tài chính.,B2
unanimous,/juːˈnæn.ɪ.məs/,adjective,agreed by everyone,nhất trí,The decision was unanimous.,Quyết định được nhất trí.,B2
undertake,/ˌʌn.dəˈteɪk/,verb,to start working on a task or project,đảm nhận,She undertook a challenging project.,Cô ấy đảm nhận một dự án đầy thách thức.,B2
unify,/ˈjuː.nɪ.faɪ/,verb,to bring people or things together as one,thống nhất,The goal is to unify the team.,Mục tiêu là thống nhất nhóm.,B2
utilise,/ˈjuː.tɪ.laɪz/,verb,to make practical use of something,tận dụng,She utilised all available resources.,Cô ấy tận dụng tất cả các nguồn lực có sẵn.,B2
volatile,/ˈvɒl.ə.taɪl/,adjective,likely to change suddenly and unpredictably,biến động,The stock market is volatile.,Thị trường chứng khoán rất biến động.,B2
welfare,/ˈwel.feər/,noun,the health and happiness of a person or group,phúc lợi,The government promotes the welfare of citizens.,Chính phủ thúc đẩy phúc lợi của công dân.,B2
absence,/ˈæb.səns/,noun,the state of not being present,sự vắng mặt,His absence from class was noticed.,Sự vắng mặt của anh ấy ở lớp bị chú ý.,B1
access,/ˈæk.ses/,noun,the right or ability to enter or use something,quyền truy cập,Students have access to the library.,Học sinh có quyền truy cập thư viện.,B1
administration,/ədˌmɪn.ɪˈstreɪ.ʃən/,noun,the management of an organisation,quản trị,The administration of the school is strict.,Quản trị của trường rất nghiêm.,B1
adult,/ˈæd.ʌlt/,noun,a fully grown person,người lớn,Children must be accompanied by an adult.,Trẻ em phải có người lớn đi cùng.,B1
agency,/ˈeɪ.dʒən.si/,noun,an organisation that provides a service,cơ quan,She works at a travel agency.,Cô ấy làm việc tại một đại lý du lịch.,B1
agreement,/əˈɡriː.mənt/,noun,a decision reached by two or more parties,thỏa thuận,They reached an agreement after hours of talks.,Họ đạt được thỏa thuận sau nhiều giờ đàm phán.,B1
aim,/eɪm/,noun,the goal or purpose you want to achieve,mục tiêu,Her aim is to pass all her exams.,Mục tiêu của cô ấy là vượt qua tất cả kỳ thi.,B1
analysis,/əˈnæl.ɪ.sɪs/,noun,a detailed examination of something,phân tích,The analysis of the data took two weeks.,Việc phân tích dữ liệu mất hai tuần.,B1
application,/ˌæp.lɪˈkeɪ.ʃən/,noun,a formal request for something such as a job,đơn xin,She submitted her application on time.,Cô ấy nộp đơn xin đúng hạn.,B1
arrange,/əˈreɪndʒ/,verb,to organise or plan something,sắp xếp,She arranged the books on the shelf.,Cô ấy sắp xếp sách trên kệ.,B1
aspect,/ˈæs.pekt/,noun,one part or feature of a situation,khía cạnh,Consider every aspect of the problem.,Xem xét mọi khía cạnh của vấn đề.,B1
budget,/ˈbʌdʒ.ɪt/,noun,an amount of money set aside for a purpose,ngân sách,The project is within budget.,Dự án nằm trong ngân sách.,B1
capacity,/kəˈpæs.ɪ.ti/,noun,the ability to do something or maximum amount,năng lực,The stadium has a capacity of fifty thousand.,Sân vận động có sức chứa năm mươi nghìn người.,B1
classify,/ˈklæs.ɪ.faɪ/,verb,to arrange things into groups by type,phân loại,Classify the words by their part of speech.,Phân loại các từ theo từ loại.,B1
comment,/ˈkɒm.ent/,noun,a remark or statement about something,nhận xét,She made a helpful comment on his essay.,Cô ấy đưa ra nhận xét hữu ích về bài luận của anh ấy.,B1
commitment,/kəˈmɪt.mənt/,noun,a strong promise or dedication to something,sự cam kết,Her commitment to learning is admirable.,Sự cam kết học tập của cô ấy thật đáng ngưỡng mộ.,B1
complaint,/kəmˈpleɪnt/,noun,a statement that something is wrong,lời phàn nàn,She filed a complaint about the service.,Cô ấy gửi lời phàn nàn về dịch vụ.,B1
connection,/kəˈnek.ʃən/,noun,a link or relationship between things,mối liên kết,There is a clear connection between diet and health.,Có mối liên kết rõ ràng giữa chế độ ăn và sức khỏe.,B1
construct,/kənˈstrʌkt/,verb,to build or create something,xây dựng,They are constructing a new bridge.,Họ đang xây dựng một cây cầu mới.,B1
criticism,/ˈkrɪt.ɪ.sɪ.zəm/,noun,the expression of disapproval or analysis,chỉ trích,She accepted the criticism positively.,Cô ấy tiếp nhận lời chỉ trích một cách tích cực.,B1
damage,/ˈdæm.ɪdʒ/,noun,harm or injury caused to something,thiệt hại,The storm caused serious damage.,Cơn bão gây ra thiệt hại nghiêm trọng.,B1
deadline,/ˈded.laɪn/,noun,the latest time by which something must be done,thời hạn,The deadline for applications is Friday.,Thời hạn nộp đơn là thứ Sáu.,B1
deliver,/dɪˈlɪv.ər/,verb,to take something to a person or place,giao,The package was delivered this morning.,Gói hàng đã được giao sáng nay.,B1
discipline,/ˈdɪs.ɪ.plɪn/,noun,training yourself to follow rules or routines,kỷ luật,Self-discipline is key to success.,Kỷ luật tự giác là chìa khóa của thành công.,B1
document,/ˈdɒk.jʊ.mənt/,noun,an official paper containing important information,tài liệu,Please sign this document.,Vui lòng ký vào tài liệu này.,B1
domestic,/dəˈmes.tɪk/,adjective,relating to the home or a country's internal affairs,trong nước,She prefers domestic travel.,Cô ấy thích du lịch trong nước.,B1
emphasis,/ˈem.fə.sɪs/,noun,special importance or attention given to something,sự nhấn mạnh,She placed emphasis on pronunciation.,Cô ấy nhấn mạnh vào phát âm.,B1
encounter,/ɪnˈkaʊn.tər/,verb,to unexpectedly meet or experience something,gặp phải,She encountered many difficulties learning English.,Cô ấy gặp phải nhiều khó khăn khi học tiếng Anh.,B1
estimate,/ˈes.tɪ.meɪt/,verb,to calculate an approximate value or amount,ước tính,Can you estimate how long it will take?,Bạn có thể ước tính mất bao lâu không?,B1
extend,/ɪkˈstend/,verb,to make something longer or larger,mở rộng / kéo dài,She extended her visa for another month.,Cô ấy gia hạn visa thêm một tháng.,B1
facility,/fəˈsɪl.ɪ.ti/,noun,a place or equipment provided for a purpose,cơ sở vật chất,The school has excellent sports facilities.,Trường có cơ sở vật chất thể thao xuất sắc.,B1
guarantee,/ˌɡær.ənˈtiː/,verb,to promise that something will happen,đảm bảo,I can guarantee the quality of this product.,Tôi có thể đảm bảo chất lượng sản phẩm này.,B1
income,/ˈɪŋ.kʌm/,noun,money received regularly from work or investment,thu nhập,Her income increased after the promotion.,Thu nhập của cô ấy tăng sau khi được thăng chức.,B1
invest,/ɪnˈvest/,verb,to put money into something to earn a profit,đầu tư,He invests in the stock market.,Anh ấy đầu tư vào thị trường chứng khoán.,B1
legal,/ˈliː.ɡəl/,adjective,allowed by or relating to the law,hợp pháp,Is it legal to park here?,Đỗ xe ở đây có hợp pháp không?,B1
limited,/ˈlɪm.ɪ.tɪd/,adjective,small in amount or not very great,hạn chế,She has limited time to study.,Cô ấy có thời gian học hạn chế.,B1
link,/lɪŋk/,noun,a connection between two things,liên kết,There is a strong link between reading and vocabulary.,Có mối liên kết mạnh mẽ giữa đọc sách và từ vựng.,B1
location,/ləʊˈkeɪ.ʃən/,noun,a particular place or position,địa điểm,The hotel is in a great location.,Khách sạn ở một địa điểm tuyệt vời.,B1
loss,/lɒs/,noun,the fact of no longer having something,sự mất mát,The loss of her job was devastating.,Việc mất việc làm là rất khủng khiếp.,B1
material,/məˈtɪər.i.əl/,noun,the substance from which something is made,vật liệu,The bag is made of high-quality material.,Túi được làm từ vật liệu chất lượng cao.,B1
media,/ˈmiː.di.ə/,noun,television radio and newspapers as communication,phương tiện truyền thông,The media reported on the event.,Phương tiện truyền thông đưa tin về sự kiện.,B1
member,/ˈmem.bər/,noun,a person who belongs to a group or organisation,thành viên,She became a member of the club.,Cô ấy trở thành thành viên của câu lạc bộ.,B1
network,/ˈnet.wɜːk/,noun,a group of connected people or things,mạng lưới,She built a strong professional network.,Cô ấy xây dựng một mạng lưới chuyên nghiệp mạnh mẽ.,B1
obtain,/əbˈteɪn/,verb,to get or acquire something,có được,She obtained a scholarship to study abroad.,Cô ấy nhận được học bổng để du học.,B1
occur,/əˈkɜːr/,verb,to happen or take place,xảy ra,The accident occurred at dawn.,Vụ tai nạn xảy ra lúc bình minh.,B1
primary,/ˈpraɪ.mər.i/,adjective,most important or first in order,chính / chủ yếu,The primary goal is to improve your English.,Mục tiêu chính là cải thiện tiếng Anh của bạn.,B1
profit,/ˈprɒf.ɪt/,noun,money gained from a business after costs,lợi nhuận,The company made a large profit this year.,Công ty kiếm được lợi nhuận lớn năm nay.,B1
recover,/rɪˈkʌv.ər/,verb,to return to a normal condition after difficulty,hồi phục,She recovered quickly from her illness.,Cô ấy hồi phục nhanh chóng sau bệnh tật.,B1
reflect,/rɪˈflekt/,verb,to think carefully about something,suy ngẫm,Take time to reflect on your progress.,Hãy dành thời gian suy ngẫm về tiến trình của bạn.,B1
sector,/ˈsek.tər/,noun,a distinct part of society or the economy,lĩnh vực,She works in the public sector.,Cô ấy làm việc trong lĩnh vực công.,B1
abundant,/əˈbʌn.dənt/,adjective,existing in large quantities,phong phú,The region has abundant natural resources.,Khu vực này có tài nguyên thiên nhiên phong phú.,B2
accommodate,/əˈkɒm.ə.deɪt/,verb,to provide space or adapt to needs,phù hợp / chứa,The hall can accommodate five hundred people.,Hội trường có thể chứa năm trăm người.,B2
acquire,/əˈkwaɪər/,verb,to obtain or come to have something,có được,She acquired new skills through training.,Cô ấy có được kỹ năng mới qua đào tạo.,B2
adhere,/ədˈhɪər/,verb,to follow rules or principles strictly,tuân theo,Always adhere to the rules.,Luôn tuân theo các quy tắc.,B2
adjacent,/əˈdʒeɪ.sənt/,adjective,next to or close to something,liền kề,The library is adjacent to the main hall.,Thư viện liền kề với hội trường chính.,B2
adverse,/ˈæd.vɜːs/,adjective,harmful or unfavourable,bất lợi,Adverse weather affected the harvest.,Thời tiết bất lợi ảnh hưởng đến thu hoạch.,B2
alleviate,/əˈliː.vi.eɪt/,verb,to make pain or a problem less severe,giảm bớt,Exercise can alleviate stress.,Tập thể dục có thể giảm bớt căng thẳng.,B2
ambiguous,/æmˈbɪɡ.ju.əs/,adjective,having more than one possible meaning,mơ hồ,The instructions were ambiguous.,Hướng dẫn rất mơ hồ.,B2
analogy,/əˈnæl.ə.dʒi/,noun,a comparison used to explain something,sự so sánh / ví von,She used an analogy to explain the concept.,Cô ấy dùng sự so sánh để giải thích khái niệm.,B2
anomaly,/əˈnɒm.ə.li/,noun,something that deviates from what is standard,sự bất thường,The result was an anomaly.,Kết quả đó là sự bất thường.,B2
attain,/əˈteɪn/,verb,to succeed in achieving something difficult,đạt được,She attained a high score on the test.,Cô ấy đạt điểm cao trong bài kiểm tra.,B2
authentic,/ɔːˈθen.tɪk/,adjective,genuine and not a copy or fake,xác thực,Is this an authentic signature?,Chữ ký này có xác thực không?,B2
autonomous,/ɔːˈtɒn.ə.məs/,adjective,having the freedom to act independently,tự chủ,The region became autonomous.,Khu vực trở nên tự chủ.,B2
bias,/ˈbaɪ.əs/,noun,an unfair tendency to favour one thing over another,thành kiến,Try to avoid bias in your writing.,Cố gắng tránh thành kiến trong bài viết của bạn.,B2
breakthrough,/ˈbreɪk.θruː/,noun,an important discovery or development,đột phá,Scientists made a breakthrough in cancer research.,Các nhà khoa học đạt được đột phá trong nghiên cứu ung thư.,B2
cognitive,/ˈkɒɡ.nɪ.tɪv/,adjective,relating to mental processes of knowing and thinking,nhận thức,Reading improves cognitive skills.,Đọc sách cải thiện kỹ năng nhận thức.,B2
complement,/ˈkɒm.plɪ.ment/,verb,to combine well with something to improve it,bổ sung cho,Music complements language learning.,Âm nhạc bổ sung cho việc học ngôn ngữ.,B2
compose,/kəmˈpəʊz/,verb,to write or create a piece of music or writing,soạn thảo,She composed a letter to her professor.,Cô ấy soạn thư gửi giáo sư.,B2
contradict,/ˌkɒn.trəˈdɪkt/,verb,to assert the opposite of something stated,mâu thuẫn,The evidence contradicts his statement.,Bằng chứng mâu thuẫn với lời khai của anh ấy.,B2
cultivate,/ˈkʌl.tɪ.veɪt/,verb,to develop a quality or skill over time,vun đắp,She cultivated a love of reading in her students.,Cô ấy vun đắp tình yêu đọc sách trong học sinh.,B2
currency,/ˈkʌr.ən.si/,noun,the system of money used in a country,tiền tệ,The euro is the currency of many European countries.,Euro là đơn vị tiền tệ của nhiều nước châu Âu.,B2
deduce,/dɪˈdjuːs/,verb,to reach a conclusion based on evidence,suy ra,From the clues she deduced the answer.,Từ các gợi ý cô ấy suy ra câu trả lời.,B2
density,/ˈden.sɪ.ti/,noun,the degree to which something is filled,mật độ,The population density is very high in cities.,Mật độ dân số rất cao ở các thành phố.,B2
dimension,/daɪˈmen.ʃən/,noun,a measurement of length width or height,chiều / kích thước,Consider all dimensions of the problem.,Xem xét tất cả các chiều của vấn đề.,B2
empirical,/ɪmˈpɪr.ɪ.kəl/,adjective,based on observation and experiment,thực nghiệm,The theory is supported by empirical evidence.,Lý thuyết được hỗ trợ bởi bằng chứng thực nghiệm.,B2
entity,/ˈen.tɪ.ti/,noun,a thing with a distinct existence,thực thể / đơn vị,A company is a legal entity.,Công ty là một thực thể pháp lý.,B2
feasible,/ˈfiː.zɪ.bəl/,adjective,possible and likely to be achieved,khả thi,Is the plan feasible within the budget?,Kế hoạch có khả thi trong ngân sách không?,B2
hierarchy,/ˈhaɪ.ər.ɑː.ki/,noun,a system in which people are ranked by status,thứ bậc,There is a clear hierarchy in the company.,Có thứ bậc rõ ràng trong công ty.,B2
impose,/ɪmˈpəʊz/,verb,to force something on someone,áp đặt,The teacher imposed strict rules.,Giáo viên áp đặt các quy tắc nghiêm ngặt.,B2
incorporate,/ɪnˈkɔː.pər.eɪt/,verb,to include something as part of a whole,kết hợp / tích hợp,She incorporated new ideas into her project.,Cô ấy kết hợp các ý tưởng mới vào dự án.,B2
inequality,/ˌɪn.ɪˈkwɒl.ɪ.ti/,noun,a difference in level or treatment,bất bình đẳng,Income inequality is a global issue.,Bất bình đẳng thu nhập là vấn đề toàn cầu.,B2
interfere,/ˌɪn.təˈfɪər/,verb,to get in the way of something or someone,can thiệp / cản trở,Do not interfere with others' work.,Đừng can thiệp vào công việc của người khác.,B2
intrinsic,/ɪnˈtrɪn.zɪk/,adjective,belonging naturally to something as a basic part,nội tại / vốn có,Curiosity is intrinsic to human nature.,Sự tò mò là vốn có trong bản chất con người.,B2
isolate,/ˈaɪ.sə.leɪt/,verb,to separate something from its surroundings,tách biệt,She isolated herself to focus on studying.,Cô ấy tự tách biệt để tập trung học.,B2
legitimate,/lɪˈdʒɪt.ɪ.mɪt/,adjective,conforming to the law or accepted standards,hợp lệ / chính đáng,She has a legitimate reason to be absent.,Cô ấy có lý do chính đáng để vắng mặt.,B2
manipulate,/məˈnɪp.jʊ.leɪt/,verb,to control or influence something cleverly,thao túng,She can manipulate data effectively.,Cô ấy có thể thao túng dữ liệu hiệu quả.,B2
minimize,/ˈmɪn.ɪ.maɪz/,verb,to reduce something to the smallest amount,giảm thiểu,We should minimize waste.,Chúng ta nên giảm thiểu lãng phí.,B2
modify,/ˈmɒd.ɪ.faɪ/,verb,to make small changes to something,sửa đổi,She modified her plan based on feedback.,Cô ấy sửa đổi kế hoạch dựa trên phản hồi.,B2
obstacle,/ˈɒb.stɪ.kəl/,noun,a thing that blocks progress,trở ngại,She overcame every obstacle.,Cô ấy vượt qua mọi trở ngại.,B2
paradox,/ˈpær.ə.dɒks/,noun,a situation that seems contradictory but is true,nghịch lý,It is a paradox that the busier she is the more she achieves.,Đây là nghịch lý rằng cô ấy càng bận càng đạt nhiều hơn.,B2
predominantly,/prɪˈdɒm.ɪ.nənt.li/,adverb,mainly or mostly,chủ yếu,The class is predominantly female.,Lớp học chủ yếu là nữ.,B2
prospect,/ˈprɒs.pekt/,noun,the possibility that something will happen,triển vọng,The job prospects are excellent.,Triển vọng nghề nghiệp rất xuất sắc.,B2
reconcile,/ˈrek.ən.saɪl/,verb,to restore friendly relations between people,hòa giải,They reconciled after a long argument.,Họ hòa giải sau một cuộc tranh luận dài.,B2
regulate,/ˈreɡ.jʊ.leɪt/,verb,to control something by means of rules,điều tiết,The government regulates food safety.,Chính phủ điều tiết an toàn thực phẩm.,B2
reiterate,/riːˈɪt.ər.eɪt/,verb,to say or do something again for emphasis,nhắc lại,She reiterated her main points.,Cô ấy nhắc lại các điểm chính.,B2
scope,/skəʊp/,noun,the range of a subject or activity,phạm vi,The scope of the project is very wide.,Phạm vi của dự án rất rộng.,B2
prevail,/prɪˈveɪl/,verb,to be greater in strength or influence,thắng thế,Justice will prevail.,Công lý sẽ thắng thế.,B2
aggregate,/ˈæɡ.rɪ.ɡɪt/,noun,a total formed by combining many separate parts,tổng hợp,The aggregate score determines the winner.,Điểm tổng hợp xác định người thắng.,B2
concede,/kənˈsiːd/,verb,to admit something is true reluctantly,nhượng bộ,He conceded that she was right.,Anh ấy nhượng bộ thừa nhận cô ấy đúng.,B2
correlate,/ˈkɒr.ɪ.leɪt/,verb,to show a relationship between two things,tương quan,Exercise correlates with better mental health.,Tập thể dục tương quan với sức khỏe tinh thần tốt hơn.,B2
deficiency,/dɪˈfɪʃ.ən.si/,noun,a lack of something that is needed,sự thiếu hụt,Vitamin D deficiency is common.,Thiếu hụt vitamin D rất phổ biến.,B2
illuminate,/ɪˈluː.mɪ.neɪt/,verb,to make something clearer or easier to understand,làm sáng tỏ,Her example illuminated the concept.,Ví dụ của cô ấy làm sáng tỏ khái niệm.,B2
immense,/ɪˈmens/,adjective,extremely large or great,to lớn / bao la,She felt immense pride in her achievement.,Cô ấy cảm thấy niềm tự hào to lớn về thành tích của mình.,B2
impose,/ɪmˈpəʊz/,verb,to force a rule or penalty on someone,áp đặt,They imposed a new tax on imports.,Họ áp đặt thuế mới lên hàng nhập khẩu.,B2
mediate,/ˈmiː.di.eɪt/,verb,to resolve a dispute between two parties,hòa giải / làm trung gian,She mediated between the two sides.,Cô ấy làm trung gian giữa hai bên.,B2
negate,/nɪˈɡeɪt/,verb,to cancel out or make ineffective,phủ định / vô hiệu hóa,One mistake can negate all the progress.,Một lỗi có thể vô hiệu hóa tất cả tiến trình.,B2
parameter,/pəˈræm.ɪ.tər/,noun,a limit or boundary that defines a system,thông số / giới hạn,Set the parameters before starting the test.,Đặt thông số trước khi bắt đầu kiểm tra.,B2
rationale,/ˌræʃ.əˈnɑːl/,noun,a set of reasons for a course of action,lý do / cơ sở,She explained the rationale behind her decision.,Cô ấy giải thích cơ sở đằng sau quyết định của mình.,B2
contemplate,/ˈkɒn.tɛm.pleɪt/,verb,to think carefully about something,suy ngẫm,She contemplated her next move.,Cô ấy suy ngẫm về bước đi tiếp theo.,B2
constitute,/ˈkɒn.stɪ.tjuːt/,verb,to form or make up the whole of something,tạo thành,Women constitute half of the workforce.,Phụ nữ tạo thành một nửa lực lượng lao động.,B2
concurrent,/kənˈkɜː.rənt/,adjective,existing or happening at the same time,đồng thời,The two events were concurrent.,Hai sự kiện xảy ra đồng thời.,B2
expertise,/ˌek.spɜːˈtiːz/,noun,a high level of knowledge or skill,chuyên môn,Her expertise in data analysis is valuable.,Chuyên môn phân tích dữ liệu của cô ấy rất có giá trị.,B2
hierarchy,/ˈhaɪ.ər.ɑː.ki/,noun,a system where people are ranked above one another,thứ bậc,There is a strict hierarchy in the military.,Có thứ bậc nghiêm ngặt trong quân đội.,B2
obligation,/ˌɒb.lɪˈɡeɪ.ʃən/,noun,something you must do as a duty,nghĩa vụ,We have an obligation to protect the environment.,Chúng ta có nghĩa vụ bảo vệ môi trường.,B2
perception,/pəˈsep.ʃən/,noun,the way you understand or think about something,nhận thức / cảm nhận,Her perception of the situation was different.,Cảm nhận của cô ấy về tình huống khác.,B2
plausible,/ˈplɔː.zɪ.bəl/,adjective,seeming reasonable or probable,có lý / hợp lý,That is a plausible explanation.,Đó là một giải thích có lý.,B2
reinstate,/ˌriː.ɪnˈsteɪt/,verb,to restore something to its previous state,khôi phục,The rule was reinstated after review.,Quy tắc được khôi phục sau khi xem xét.,B2
sequence,/ˈsiː.kwəns/,noun,a series of things in a particular order,trình tự,Follow the sequence of steps carefully.,Thực hiện trình tự các bước cẩn thận.,B2
terminology,/ˌtɜː.mɪˈnɒl.ə.dʒi/,noun,the body of terms used in a subject,thuật ngữ,Medical terminology can be complex.,Thuật ngữ y tế có thể phức tạp.,B2
verify,/ˈver.ɪ.faɪ/,verb,to check that something is true or accurate,xác minh,Please verify your email address.,Vui lòng xác minh địa chỉ email của bạn.,B2
visualise,/ˈvɪʒ.u.ə.laɪz/,verb,to form a mental image of something,hình dung,Try to visualise your goal.,Hãy cố gắng hình dung mục tiêu của bạn.,B2
appetite,/ˈæp.ɪ.taɪt/,noun,a desire for food or something else,cảm giác thèm ăn / ham muốn,She lost her appetite when she was ill.,Cô ấy mất cảm giác thèm ăn khi bị bệnh.,A2
conversation,/ˌkɒn.vəˈseɪ.ʃən/,noun,an informal talk between two or more people,cuộc trò chuyện,We had a long conversation about travel.,Chúng tôi có một cuộc trò chuyện dài về du lịch.,A2
exercise,/ˈek.sə.saɪz/,noun,physical activity done to stay healthy,bài tập / vận động,Regular exercise improves your mood.,Tập thể dục đều đặn cải thiện tâm trạng.,A2
habit,/ˈhæb.ɪt/,noun,something done regularly and automatically,thói quen,She has the habit of waking up early.,Cô ấy có thói quen dậy sớm.,A2
interview,/ˈɪn.tə.vjuː/,noun,a formal meeting to assess a person,buổi phỏng vấn,She prepared well for the job interview.,Cô ấy chuẩn bị kỹ cho buổi phỏng vấn xin việc.,A2
medicine,/ˈmed.ɪ.sən/,noun,a substance taken to treat illness,thuốc,Take this medicine three times a day.,Uống thuốc này ba lần mỗi ngày.,A2
neighbour,/ˈneɪ.bər/,noun,a person who lives next to you,hàng xóm,My neighbour is very friendly.,Hàng xóm của tôi rất thân thiện.,A2
opinion,/əˈpɪn.jən/,noun,a personal view or judgement,ý kiến,What is your opinion on this topic?,Ý kiến của bạn về chủ đề này là gì?,A2
pocket,/ˈpɒk.ɪt/,noun,a small bag sewn into clothing,túi quần áo,He put the keys in his pocket.,Anh ấy bỏ chìa khóa vào túi.,A2
sandwich,/ˈsæn.wɪdʒ/,noun,food between two slices of bread,bánh sandwich,She makes a sandwich for lunch.,Cô ấy làm bánh sandwich cho bữa trưa.,A1
stamp,/stæmp/,noun,a small piece of paper stuck on a letter,con tem,Put a stamp on the envelope.,Dán tem lên phong bì.,A2
towel,/ˈtaʊ.əl/,noun,a piece of cloth used for drying,cái khăn tắm,Hang the towel after you use it.,Treo khăn sau khi dùng xong.,A1
